类型	标题	省份	发布时间	来源	详情链接	完整内容
招标公告	吉林省林业调查规划院（吉林省林业生态监测中心、吉林省森林资源监测中心）-第三次古树名木资源普查、重点种子生产基地调查及林业推广项目越野车租赁项目	吉林省	2026-04-03	吉林省公共资源交易中心	http://www.ccgp-jilin.gov.cn/info/2026/04/03/123456.html	吉林省林业调查规划院（吉林省林业生态监测中心、吉林省森林资源监测中心）-第三次古树名木资源普查、重点种子生产基地调查及林业推广项目越野车租赁项目招标公告项目概况吉林省林业调查规划院（吉林省林业生态监测中心、吉林省森林资源监测中心）第三次古树名木资源普查、重点种子生产基地调查及林业推广项目越野车租赁招标项目的潜在投标人应在吉林省公共资源交易一体化平台获取招标文件，并于2026年04月27日09点00分前递交投标文件。一、项目基本情况项目编号：JLSZC20260011301项目名称：第三次古树名木资源普查、重点种子生产基地调查及林业推广项目越野车租赁项目预算金额：498000元采购需求：越野车租赁服务，用于野外调查、普查作业等，具体内容详见招标文件。合同履行期限：自合同签订之日起12个月。本项目不接受联合体投标。二、申请人的资格要求1.满足《中华人民共和国政府采购法》第二十二条规定；2.落实政府采购政策需满足的资格要求：本项目非专门面向中小企业采购。3.本项目的特定资格要求：无。三、获取招标文件时间：2026年04月03日至2026年04月10日，每天上午09:00至11:30，下午13:30至16:00（北京时间，法定节假日除外）地点：吉林省公共资源交易一体化平台方式：网上下载售价：0元四、提交投标文件截止时间、开标时间和地点截止时间：2026年04月27日09点00分（北京时间）地点：吉林省公共资源交易中心五、公告期限自本公告发布之日起5个工作日。六、其他补充事宜无七、对本次招标提出询问，请按以下方式联系1.采购人信息名称：吉林省林业调查规划院（吉林省林业生态监测中心、吉林省森林资源监测中心）地址：吉林省长春市联系人：张岩联系电话：0431-856712342.采购代理机构信息名称：吉林省公共资源交易中心地址：长春市人民大街9999号联系人：李工联系电话：0431-89867890
招标公告	吉林省人力资源和社会保障信息管理中心-吉林省惠民惠农财政补贴“一卡通”发放管理平台项目	吉林省	2026-04-02	吉林省公共资源交易中心	http://www.ggzyzx.jl.gov.cn/info/2026/04/02/789012.html	[电子化][公开招标]吉林省人力资源和社会保障信息管理中心-吉林省惠民惠农财政补贴“一卡通”发放管理平台项目招标公告项目编号：JLSZC20250093801预算金额：300000元采购方式：公开招标开标日期：2026-04-09一、项目基本情况项目编号：JLSZC20250093801项目名称：吉林省惠民惠农财政补贴“一卡通”发放管理平台项目预算金额：300000元采购需求：建设吉林省惠民惠农财政补贴“一卡通”发放管理平台，实现补贴资金发放、监管、查询等功能，具体内容详见招标文件。合同履行期限：自合同签订之日起6个月。本项目不接受联合体投标。二、申请人的资格要求1.满足《中华人民共和国政府采购法》第二十二条规定；2.落实政府采购政策需满足的资格要求：本项目非专门面向中小企业采购。3.本项目的特定资格要求：无。三、获取招标文件时间：2026年04月02日至2026年04月09日，每天上午08:00至11:30，下午13:00至16:00（北京时间，法定节假日除外）地点：吉林省公共资源交易一体化平台方式：网上下载售价：0元四、提交投标文件截止时间、开标时间和地点截止时间：2026年04月09日09点00分（北京时间）地点：吉林省公共资源交易中心五、公告期限自本公告发布之日起5个工作日。六、其他补充事宜无七、对本次招标提出询问，请按以下方式联系1.采购人信息名称：吉林省人力资源和社会保障信息管理中心地址：长春市联系人：王工联系电话：0431-889765432.采购代理机构信息名称：吉林省公共资源交易中心地址：长春市人民大街9999号联系人：赵工联系电话：0431-81866966
招标公告	吉林省妇幼保健院（吉林省产科质量控制中心）-高质量发展示范项目（医疗设备购置）-疾病筛查及康复设备购置（2次招标）	吉林省	2026-03-31	吉林省公共资源交易中心	http://www.ggzyzx.jl.gov.cn/info/2026/03/31/345678.html	[电子化][公开招标]吉林省妇幼保健院（吉林省产科质量控制中心）-高质量发展示范项目（医疗设备购置）-疾病筛查及康复设备购置（2次招标）招标公告项目编号：JLSZC20250068908预算金额：958400元采购方式：公开招标开标日期：2026-04-15一、项目基本情况项目编号：JLSZC20250068908项目名称：高质量发展示范项目（医疗设备购置）-疾病筛查及康复设备购置（2次招标）预算金额：958400元采购需求：购置疾病筛查及康复设备，包括全自动生化分析仪、超声诊断仪等，具体内容详见招标文件。合同履行期限：自合同签订之日起3个月。本项目不接受联合体投标。二、申请人的资格要求1.满足《中华人民共和国政府采购法》第二十二条规定；2.落实政府采购政策需满足的资格要求：本项目非专门面向中小企业采购。3.本项目的特定资格要求：无。三、获取招标文件时间：2026年03月31日至2026年04月07日，每天上午08:00至11:30，下午13:00至16:00（北京时间，法定节假日除外）地点：吉林省公共资源交易一体化平台方式：网上下载售价：0元四、提交投标文件截止时间、开标时间和地点截止时间：2026年04月15日09点00分（北京时间）地点：吉林省公共资源交易中心五、公告期限自本公告发布之日起5个工作日。六、其他补充事宜无七、对本次招标提出询问，请按以下方式联系1.采购人信息名称：吉林省妇幼保健院（吉林省产科质量控制中心）地址：长春市联系人：刘工联系电话：0431-827654322.采购代理机构信息名称：吉林省公共资源交易中心地址：长春市人民大街9999号联系人：孙工联系电话：0431-81866976
招标公告	吉林省森林草原防火大型装备购置项目	吉林省	2026-03-13	吉林省公共资源交易中心	http://www.ggzyzx.jl.gov.cn/info/2026/03/13/901234.html	[电子化]吉林省森林草原防火大型装备购置项目招标公告项目编号：JLSZC20250100105预算金额：25088000元采购方式：公开招标开标日期：2026-04-02一、项目基本情况项目编号：JLSZC20250100105项目名称：吉林省森林草原防火大型装备购置项目预算金额：25088000元采购需求：购置森林草原防火大型装备，包括消防车、无人机、灭火设备等，具体内容详见招标文件。合同履行期限：自合同签订之日起2个月。本项目不接受联合体投标。二、申请人的资格要求1.满足《中华人民共和国政府采购法》第二十二条规定；2.落实政府采购政策需满足的资格要求：本项目非专门面向中小企业采购。3.本项目的特定资格要求：无。三、获取招标文件时间：2026年03-13日至2026年03-20日，每天上午08:00至11:30，下午13:00至16:00（北京时间，法定节假日除外）地点：吉林省公共资源交易一体化平台方式：网上下载售价：0元四、提交投标文件截止时间、开标时间和地点截止时间：2026年04月02日09点00分（北京时间）地点：吉林省公共资源交易中心五、公告期限自本公告发布之日起5个工作日。六、其他补充事宜无七、对本次招标提出询问，请按以下方式联系1.采购人信息名称：吉林省林业和草原局地址：长春市联系人：周工联系电话：0431-856789012.采购代理机构信息名称：吉林省公共资源交易中心地址：长春市人民大街9999号联系人：李刚联系电话：0431-81866976
招标公告	智慧消防报警联动升级改造及微型消防站建设项目	吉林省	2026-03-13	吉林省公共资源交易中心	http://www.ggzyzx.jl.gov.cn/info/2026/03/13/567890.html	[电子化]智慧消防报警联动升级改造及微型消防站建设项目招标公告项目编号：JLSZC20250099901预算金额：12000000元采购方式：公开招标开标日期：2026-04-03一、项目基本情况项目编号：JLSZC20250099901项目名称：智慧消防报警联动升级改造及微型消防站建设项目预算金额：12000000元采购需求：升级改造智慧消防报警联动系统，建设微型消防站，具体内容详见招标文件。合同履行期限：自合同签订之日起4个月。本项目不接受联合体投标。二、申请人的资格要求1.满足《中华人民共和国政府采购法》第二十二条规定；2.落实政府采购政策需满足的资格要求：本项目非专门面向中小企业采购。3.本项目的特定资格要求：无。三、获取招标文件时间：2026年03月13日至2026年03月20日，每天上午08:00至11:30，下午13:00至16:00（北京时间，法定节假日除外）地点：吉林省公共资源交易一体化平台方式：网上下载售价：0元四、提交投标文件截止时间、开标时间和地点截止时间：2026年04月03日09点00分（北京时间）地点：吉林省公共资源交易中心五、公告期限自本公告发布之日起5个工作日。六、其他补充事宜无七、对本次招标提出询问，请按以下方式联系1.采购人信息名称：吉林省应急管理厅地址：长春市联系人：赵伟佳联系电话：0431-818669662.采购代理机构信息名称：吉林省公共资源交易中心地址：长春市人民大街9999号联系人：周君联系电话：0431-81866976
招标公告	吉林省动物疫病预防控制中心-重大动物疫病强制免疫用疫苗采购项目（省级配套资金）-合同包四	吉林省	2026-03-10	吉林省公共资源交易中心	http://www.ggzyzx.jl.gov.cn/info/2026/03/10/123456.html	[电子化][公开招标]吉林省动物疫病预防控制中心-重大动物疫病强制免疫用疫苗采购项目（省级配套资金）-合同包四招标公告项目编号：JLSZC20250098704预算金额：5000000元采购方式：公开招标开标日期：2026-03-30一、项目基本情况项目编号：JLSZC20250098704项目名称：重大动物疫病强制免疫用疫苗采购项目（省级配套资金）-合同包四预算金额：5000000元采购需求：采购重大动物疫病强制免疫用疫苗，具体内容详见招标文件。合同履行期限：自合同签订之日起1个月。本项目不接受联合体投标。二、申请人的资格要求1.满足《中华人民共和国政府采购法》第二十二条规定；2.落实政府采购政策需满足的资格要求：本项目非专门面向中小企业采购。3.本项目的特定资格要求：无。三、获取招标文件时间：2026年03月10日至2026年03月17日，每天上午08:00至11:30，下午13:00至16:00（北京时间，法定节假日除外）地点：吉林省公共资源交易一体化平台方式：网上下载售价：0元四、提交投标文件截止时间、开标时间和地点截止时间：2026年03月30日09点00分（北京时间）地点：吉林省公共资源交易中心五、公告期限自本公告发布之日起5个工作日。六、其他补充事宜无七、对本次招标提出询问，请按以下方式联系1.采购人信息名称：吉林省动物疫病预防控制中心地址：长春市联系人：王工联系电话：0431-876543212.采购代理机构信息名称：吉林省公共资源交易中心地址：长春市人民大街9999号联系人：李工联系电话：0431-89867890
招标公告	吉林化工大学-生物工程-食品科学与工程专业认证实验教学平台建设项目	吉林省	2026-03-08	吉林省公共资源交易中心	http://www.ggzyzx.jl.gov.cn/info/2026/03/08/789012.html	[电子化][公开招标]吉林化工大学-生物工程-食品科学与工程专业认证实验教学平台建设项目招标公告项目编号：JLSZC20250097601预算金额：8000000元采购方式：公开招标开标日期：2026-04-05一、项目基本情况项目编号：JLSZC20250097601项目名称：生物工程-食品科学与工程专业认证实验教学平台建设项目预算金额：8000000元采购需求：建设生物工程、食品科学与工程专业认证实验教学平台，购置实验设备，具体内容详见招标文件。合同履行期限：自合同签订之日起6个月。本项目不接受联合体投标。二、申请人的资格要求1.满足《中华人民共和国政府采购法》第二十二条规定；2.落实政府采购政策需满足的资格要求：本项目非专门面向中小企业采购。3.本项目的特定资格要求：无。三、获取招标文件时间：2026年03月08日至2026年03月15日，每天上午08:00至11:30，下午13:00至16:00（北京时间，法定节假日除外）地点：吉林省公共资源交易一体化平台方式：网上下载售价：0元四、提交投标文件截止时间、开标时间和地点截止时间：2026年04月05日09点00分（北京时间）地点：吉林省公共资源交易中心五、公告期限自本公告发布之日起5个工作日。六、其他补充事宜无七、对本次招标提出询问，请按以下方式联系1.采购人信息名称：吉林化工大学地址：吉林市联系人：张工联系电话：0432-621987652.采购代理机构信息名称：吉林省公共资源交易中心地址：长春市人民大街9999号联系人：赵工联系电话：0431-81866966
招标公告	吉林省高速公路集团有限公司2026年度高速公路养护工程勘察设计招标公告	吉林省	2026-03-05	吉林省交通运输厅	http://jtyst.jl.gov.cn/info/2026/03/05/345678.html	吉林省高速公路集团有限公司2026年度高速公路养护工程勘察设计招标公告一、招标条件本招标项目吉林省高速公路集团有限公司2026年度高速公路养护工程勘察设计已由吉林省交通运输厅批准建设，项目业主为吉林省高速公路集团有限公司，建设资金来自自筹，项目出资比例为100%，招标人为吉林省高速公路集团有限公司。项目已具备招标条件，现对该项目的勘察设计进行公开招标。二、项目概况与招标范围2.1项目名称：吉林省高速公路集团有限公司2026年度高速公路养护工程勘察设计2.2建设地点：吉林省境内高速公路2.3招标范围：高速公路养护工程的勘察、设计、预算编制及后续服务等2.4计划工期：自合同签订之日起至2026年12月31日2.5质量标准：符合现行国家及行业相关标准三、投标人资格要求3.1投标人须具备独立法人资格，具有工程勘察综合甲级资质或工程勘察专业甲级资质，同时具有工程设计综合甲级资质或工程设计公路行业甲级资质。3.2投标人近五年（2020年1月1日至今）具有类似高速公路养护工程勘察设计业绩。3.3本次招标接受联合体投标。3.4与招标人存在利害关系可能影响招标公正性的单位，不得参加投标。单位负责人为同一人或者存在控股、管理关系的不同单位，不得参加同一标段投标，否则相关投标均无效。3.5在“信用中国”网站中被列入失信被执行人名单的投标人，不得参加投标。四、招标文件的获取4.1时间：2026年03月05日至2026年03月12日，每天上午08:00至11:30，下午13:00至16:00（北京时间，法定节假日除外）4.2地点：吉林省公共资源交易一体化平台4.3方式：网上下载4.4售价：0元五、投标文件的递交5.1截止时间：2026年03月26日09点00分（北京时间）5.2地点：吉林省公共资源交易中心六、开标时间及地点6.1开标时间：2026年03月26日09点00分（北京时间）6.2地点：吉林省公共资源交易中心七、联系方式招标人：吉林省高速公路集团有限公司地址：长春市联系人：王红喆、姜德超联系电话：0431-84683816/0431-84683821招标代理机构：吉林省交通招标咨询中心有限公司地址：长春市联系人：李工联系电话：0431-85254020
招标公告	2026年应急抢修工程	吉林省	2026-02-10	吉林省人民政府	http://www.jl.gov.cn/ggzy/gcjs/zbgg/202602/t20260210_9419160.html	2026年应急抢修工程招标公告1、招标条件本招标项目2026年应急抢修工程已由相关部门批准建设，项目业主为长春市净月高新技术产业开发区管理委员会，建设资金来自财政资金，项目出资比例为100%，招标人为长春市净月高新技术产业开发区管理委员会。项目已具备招标条件，现对该项目的施工进行公开招标。2、项目概况与招标范围2.1项目名称：2026年应急抢修工程2.2项目建设规模与内容：总投资15973064.04元，建设内容包括道路抢修、管网修复、设施维护等2.3招标范围：具体内容详见工程量清单2.4建设地点：长春市净月高新技术产业开发区2.5计划工期：2026年3月11日起至2026年12月31日，共计296日历天2.6质量标准：符合现行国家有关工程施工验收规范和标准要求的合格工程2.7标段划分：本项目划分三个标段2.8招标控制价：一标段：4991049.86元；二标段：4991049.86元；三标段：5990964.32元3、投标人资格要求3.1投标人须具备独立法人资格，具有市政公用工程施工总承包三级及以上资质。3.2投标人近三年（2023年1月1日至今）具有类似应急抢修工程业绩。3.3本次招标不接受联合体投标。3.4未被“国家企业信用信息公示系统”（www.gsxt.gov.cn）中列入严重违法失信企业名单。3.5未被最高人民法院在“信用中国”网站（www.creditchina.gov.cn）或各级信用信息共享平台中列入失信被执行人名单。3.6近三年（2023年1月1日至今）在经营活动中没有重大违法记录。4、招标文件的获取4.1时间：2026年02月10日至2026年02月17日，每天上午09:00至11:30，下午13:30至16:00（北京时间，法定节假日除外）4.2地点：吉林省公共资源交易一体化平台4.3方式：网上下载4.4售价：0元5、投标文件的递交5.1截止时间：2026年03月03日09点00分（北京时间）5.2地点：吉林省公共资源交易中心6、开标时间及地点6.1开标时间：2026年03月03日09点00分（北京时间）6.2地点：吉林省公共资源交易中心7、联系方式招标人：长春市净月高新技术产业开发区管理委员会地址：长春市联系人：刘工联系电话：0431-84536789招标代理机构：吉林省嘉皓项目管理有限公司地址：长春市联系人：张工联系电话：0431-85671234
招标公告	吉林省博物院(东北抗日联军纪念馆)第三方服务机构选择公开招标公告	吉林省	2026-02-05	中国政府采购网	http://www.ccgp.gov.cn/cggg/dfgg/gkzb/202602/t20260205_26153598.htm	吉林省博物院(东北抗日联军纪念馆)第三方服务机构选择公开招标公告一、项目基本情况1.项目编号：JLBY20260012.项目名称：吉林省博物院(东北抗日联军纪念馆)第三方服务机构选择3.预算金额：2000000元4.采购需求：选择第三方服务机构，提供展览策划、文物保护、讲解服务等，具体内容详见招标文件。5.合同履行期限：自合同签订之日起12个月。6.本项目不接受联合体投标。二、申请人的资格要求1.满足《中华人民共和国政府采购法》第二十二条规定；2.落实政府采购政策需满足的资格要求：本项目非专门面向中小企业采购。3.本项目的特定资格要求：无。三、获取招标文件时间：2026年02月05日至2026年02月12日，每天上午09:00至11:30，下午13:30至16:00（北京时间，法定节假日除外）地点：政采云平台方式：网上下载售价：0元四、提交投标文件截止时间、开标时间和地点截止时间：2026年03月12日09点30分（北京时间）投标地点（网址）：请登录政采云投标客户端投标开标时间：2026年03月12日09点30分开标地点：二道区长春市二道区洋浦大街6999号凯利中心ab栋101开标二室五、公告期限自本公告发布之日起5个工作日。六、其他补充事宜1.本项目投标截止期前被“信用中国”网站（www.creditchina.gov.cn）中列入失信被执行人和/或重大税收违法案件当事人名单的供应商、被中国政府采购网（www.ccgp.gov.cn）列入政府采购严重违法失信行为记录名单中被财政部门禁止参加政府采购活动的供应商（处罚决定规定的时间和地域范围内），无资格参加本项目的采购活动。2.单位负责人为同一人或者存在控股、管理关系的不同单位，不得同时参加本项目的投标。为本项目提供整体设计、规范编制或者项目管理、监理、检测等服务的供应商，不得再参加本项目投标。3.发布媒介：“政采云”平台（http://www.zcygov.cn），同步推送到吉林省政府采购网（http://www.ccgp-jilin.gov.cn/），并同时在中国政府采购网发布。七、对本次招标提出询问，请按以下方式联系1.采购人信息名称：吉林省博物院(东北抗日联军纪念馆)地址：长春市联系人：李工联系电话：0431-856789012.采购代理机构信息名称：吉林省公共资源交易中心地址：长春市人民大街9999号联系人：王工联系电话：0431-89867890
招标公告	吉林省疾病预防控制中心实验室检测能力提升项目设备采购	吉林省	2026-02-03	吉林省公共资源交易中心	http://www.ggzyzx.jl.gov.cn/info/2026/02/03/456789.html	[电子化]吉林省疾病预防控制中心实验室检测能力提升项目设备采购招标公告项目编号：JLSZC20250095201预算金额：15000000元采购方式：公开招标开标日期：2026-02-24一、项目基本情况项目编号：JLSZC20250095201项目名称：吉林省疾病预防控制中心实验室检测能力提升项目设备采购预算金额：15000000元采购需求：采购实验室检测设备，包括PCR仪、高效液相色谱仪、气相色谱仪等，具体内容详见招标文件。合同履行期限：自合同签订之日起3个月。本项目不接受联合体投标。二、申请人的资格要求1.满足《中华人民共和国政府采购法》第二十二条规定；2.落实政府采购政策需满足的资格要求：本项目非专门面向中小企业采购。3.本项目的特定资格要求：无。三、获取招标文件时间：2026年02月03日至2026年02月10日，每天上午08:00至11:30，下午13:00至16:00（北京时间，法定节假日除外）地点：吉林省公共资源交易一体化平台方式：网上下载售价：0元四、提交投标文件截止时间、开标时间和地点截止时间：2026年02月24日09点00分（北京时间）地点：吉林省公共资源交易中心五、公告期限自本公告发布之日起5个工作日。六、其他补充事宜无七、对本次招标提出询问，请按以下方式联系1.采购人信息名称：吉林省疾病预防控制中心地址：长春市联系人：赵工联系电话：0431-876543212.采购代理机构信息名称：吉林省公共资源交易中心地址：长春市人民大街9999号联系人：李工联系电话：0431-89867890
招标公告	吉林省水利厅水旱灾害防御物资储备项目（第二批）	吉林省	2026-02-02	吉林省公共资源交易中心	http://www.ggzyzx.jl.gov.cn/info/2026/02/02/123456.html	[电子化]吉林省水利厅水旱灾害防御物资储备项目（第二批）招标公告项目编号：JLSZC20250094801预算金额：8000000元采购方式：公开招标开标日期：2026-02-22一、项目基本情况项目编号：JLSZC20250094801项目名称：吉林省水利厅水旱灾害防御物资储备项目（第二批）预算金额：8000000元采购需求：采购水旱灾害防御物资，包括编织袋、救生衣、水泵、冲锋舟等，具体内容详见招标文件。合同履行期限：自合同签订之日起2个月。本项目不接受联合体投标。二、申请人的资格要求1.满足《中华人民共和国政府采购法》第二十二条规定；2.落实政府采购政策需满足的资格要求：本项目非专门面向中小企业采购。3.本项目的特定资格要求：无。三、获取招标文件时间：2026年02月02日至2026年02月09日，每天上午08:00至11:30，下午13:00至16:00（北京时间，法定节假日除外）地点：吉林省公共资源交易一体化平台方式：网上下载售价：0元四、提交投标文件截止时间、开标时间和地点截止时间：2026年02月22日09点00分（北京时间）地点：吉林省公共资源交易中心五、公告期限自本公告发布之日起5个工作日。六、其他补充事宜无七、对本次招标提出询问，请按以下方式联系1.采购人信息名称：吉林省水利厅地址：长春市联系人：周工联系电话：0431-856789012.采购代理机构信息名称：吉林省公共资源交易中心地址：长春市人民大街9999号联系人：李工联系电话：0431-89867890
招标公告	吉林省教育厅直属学校智慧校园建设项目	吉林省	2026-01-28	吉林省公共资源交易中心	http://www.ggzyzx.jl.gov.cn/info/2026/01/28/789012.html	[电子化]吉林省教育厅直属学校智慧校园建设项目招标公告项目编号：JLSZC20250093501预算金额：12000000元采购方式：公开招标开标日期：2026-02-18一、项目基本情况项目编号：JLSZC20250093501项目名称：吉林省教育厅直属学校智慧校园建设项目预算金额：12000000元采购需求：为直属学校建设智慧校园平台，包括校园网升级、智慧教室、安防监控系统等，具体内容详见招标文件。合同履行期限：自合同签订之日起6个月。本项目不接受联合体投标。二、申请人的资格要求1.满足《中华人民共和国政府采购法》第二十二条规定；2.落实政府采购政策需满足的资格要求：本项目非专门面向中小企业采购。3.本项目的特定资格要求：无。三、获取招标文件时间：2026年01月28日至2026年02月04日，每天上午08:00至11:30，下午13:00至16:00（北京时间，法定节假日除外）地点：吉林省公共资源交易一体化平台方式：网上下载售价：0元四、提交投标文件截止时间、开标时间和地点截止时间：2026年02月18日09点00分（北京时间）地点：吉林省公共资源交易中心五、公告期限自本公告发布之日起5个工作日。六、其他补充事宜无七、对本次招标提出询问，请按以下方式联系1.采购人信息名称：吉林省教育厅地址：长春市联系人：刘工联系电话：0431-827654322.采购代理机构信息名称：吉林省公共资源交易中心地址：长春市人民大街9999号联系人：孙工联系电话：0431-81866976
招标公告	吉林省公安厅大数据平台扩容升级项目	吉林省	2026-01-25	吉林省公共资源交易中心	http://www.ggzyzx.jl.gov.cn/info/2026/01/25/345678.html	[电子化]吉林省公安厅大数据平台扩容升级项目招标公告项目编号：JLSZC20250092801预算金额：25000000元采购方式：公开招标开标日期：2026-02-15一、项目基本情况项目编号：JLSZC20250092801项目名称：吉林省公安厅大数据平台扩容升级项目预算金额：25000000元采购需求：扩容升级大数据平台，购置服务器、存储设备、安全设备等，具体内容详见招标文件。合同履行期限：自合同签订之日起4个月。本项目不接受联合体投标。二、申请人的资格要求1.满足《中华人民共和国政府采购法》第二十二条规定；2.落实政府采购政策需满足的资格要求：本项目非专门面向中小企业采购。3.本项目的特定资格要求：无。三、获取招标文件时间：2026年01月25日至2026年02月01日，每天上午08:00至11:30，下午13:00至16:00（北京时间，法定节假日除外）地点：吉林省公共资源交易一体化平台方式：网上下载售价：0元四、提交投标文件截止时间、开标时间和地点截止时间：2026年02月15日09点00分（北京时间）地点：吉林省公共资源交易中心五、公告期限自本公告发布之日起5个工作日。六、其他补充事宜无七、对本次招标提出询问，请按以下方式联系1.采购人信息名称：吉林省公安厅地址：长春市联系人：王工联系电话：0431-876543212.采购代理机构信息名称：吉林省公共资源交易中心地址：长春市人民大街9999号联系人：李工联系电话：0431-89867890
招标公告	吉林省民政厅养老服务机构设施设备采购项目	吉林省	2026-01-22	吉林省公共资源交易中心	http://www.ggzyzx.jl.gov.cn/info/2026/01/22/901234.html	[电子化]吉林省民政厅养老服务机构设施设备采购项目招标公告项目编号：JLSZC20250092201预算金额：10000000元采购方式：公开招标开标日期：2026-02-12一、项目基本情况项目编号：JLSZC20250092201项目名称：吉林省民政厅养老服务机构设施设备采购项目预算金额：10000000元采购需求：为养老服务机构采购设施设备，包括护理床、康复器材、安防设备等，具体内容详见招标文件。合同履行期限：自合同签订之日起3个月。本项目不接受联合体投标。二、申请人的资格要求1.满足《中华人民共和国政府采购法》第二十二条规定；2.落实政府采购政策需满足的资格要求：本项目非专门面向中小企业采购。3.本项目的特定资格要求：无。三、获取招标文件时间：2026年01月22日至2026年01月29日，每天上午08:00至11:30，下午13:00至16:00（北京时间，法定节假日除外）地点：吉林省公共资源交易一体化平台方式：网上下载售价：0元四、提交投标文件截止时间、开标时间和地点截止时间：2026年02月12日09点00分（北京时间）地点：吉林省公共资源交易中心五、公告期限自本公告发布之日起5个工作日。六、其他补充事宜无七、对本次招标提出询问，请按以下方式联系1.采购人信息名称：吉林省民政厅地址：长春市联系人：张工联系电话：0431-856712342.采购代理机构信息名称：吉林省公共资源交易中心地址：长春市人民大街9999号联系人：赵工联系电话：0431-81866966
招标公告	吉林省司法厅社区矫正信息化管理平台升级项目	吉林省	2026-01-20	吉林省公共资源交易中心	http://www.ggzyzx.jl.gov.cn/info/2026/01/20/567890.html	[电子化]吉林省司法厅社区矫正信息化管理平台升级项目招标公告项目编号：JLSZC20250091801预算金额：6000000元采购方式：公开招标开标日期：2026-02-10一、项目基本情况项目编号：JLSZC20250091801项目名称：吉林省司法厅社区矫正信息化管理平台升级项目预算金额：6000000元采购需求：升级社区矫正信息化管理平台，购置服务器、终端设备等，具体内容详见招标文件。合同履行期限：自合同签订之日起3个月。本项目不接受联合体投标。二、申请人的资格要求1.满足《中华人民共和国政府采购法》第二十二条规定；2.落实政府采购政策需满足的资格要求：本项目非专门面向中小企业采购。3.本项目的特定资格要求：无。三、获取招标文件时间：2026年01月20日至2026年01月27日，每天上午08:00至11:30，下午13:00至16:00（北京时间，法定节假日除外）地点：吉林省公共资源交易一体化平台方式：网上下载售价：0元四、提交投标文件截止时间、开标时间和地点截止时间：2026年02月10日09点00分（北京时间）地点：吉林省公共资源交易中心五、公告期限自本公告发布之日起5个工作日。六、其他补充事宜无七、对本次招标提出询问，请按以下方式联系1.采购人信息名称：吉林省司法厅地址：长春市联系人：李工联系电话：0431-898678902.采购代理机构信息名称：吉林省公共资源交易中心地址：长春市人民大街9999号联系人：王工联系电话：0431-89867890
招标公告	吉林省人力资源和社会保障厅社保系统运维服务项目	吉林省	2026-01-18	吉林省公共资源交易中心	http://www.ggzyzx.jl.gov.cn/info/2026/01/18/123456.html	[电子化]吉林省人力资源和社会保障厅社保系统运维服务项目招标公告项目编号：JLSZC20250091501预算金额：3000000元采购方式：公开招标开标日期：2026-02-08一、项目基本情况项目编号：JLSZC20250091501项目名称：吉林省人力资源和社会保障厅社保系统运维服务项目预算金额：3000000元采购需求：为社保系统提供运维服务，包括系统维护、数据备份、故障处理等，具体内容详见招标文件。合同履行期限：自合同签订之日起12个月。本项目不接受联合体投标。二、申请人的资格要求1.满足《中华人民共和国政府采购法》第二十二条规定；2.落实政府采购政策需满足的资格要求：本项目非专门面向中小企业采购。3.本项目的特定资格要求：无。三、获取招标文件时间：2026年01月18日至2026年01月25日，每天上午08:00至11:30，下午13:00至16:00（北京时间，法定节假日除外）地点：吉林省公共资源交易一体化平台方式：网上下载售价：0元四、提交投标文件截止时间、开标时间和地点截止时间：2026年02月08日09点00分（北京时间）地点：吉林省公共资源交易中心五、公告期限自本公告发布之日起5个工作日。六、其他补充事宜无七、对本次招标提出询问，请按以下方式联系1.采购人信息名称：吉林省人力资源和社会保障厅地址：长春市联系人：王工联系电话：0431-876543212.采购代理机构信息名称：吉林省公共资源交易中心地址：长春市人民大街9999号联系人：李工联系电话：0431-89867890
招标公告	吉林省自然资源厅测绘仪器设备采购项目	吉林省	2026-01-15	吉林省公共资源交易中心	http://www.ggzyzx.jl.gov.cn/info/2026/01/15/789012.html	[电子化]吉林省自然资源厅测绘仪器设备采购项目招标公告项目编号：JLSZC20250091201预算金额：5000000元采购方式：公开招标开标日期：2026-02-05一、项目基本情况项目编号：JLSZC20250091201项目名称：吉林省自然资源厅测绘仪器设备采购项目预算金额：5000000元采购需求：采购测绘仪器设备，包括全站仪、GPS接收机、无人机等，具体内容详见招标文件。合同履行期限：自合同签订之日起3个月。本项目不接受联合体投标。二、申请人的资格要求1.满足《中华人民共和国政府采购法》第二十二条规定；2.落实政府采购政策需满足的资格要求：本项目非专门面向中小企业采购。3.本项目的特定资格要求：无。三、获取招标文件时间：2026年01月15日至2026年01月22日，每天上午08:00至11:30，下午13:00至16:00（北京时间，法定节假日除外）地点：吉林省公共资源交易一体化平台方式：网上下载售价：0元四、提交投标文件截止时间、开标时间和地点截止时间：2026年02-05日09点00分（北京时间）地点：吉林省公共资源交易中心五、公告期限自本公告发布之日起5个工作日。六、其他补充事宜无七、对本次招标提出询问，请按以下方式联系1.采购人信息名称：吉林省自然资源厅地址：长春市联系人：赵工联系电话：0431-818669662.采购代理机构信息名称：吉林省公共资源交易中心地址：长春市人民大街9999号联系人：周工联系电话：0431-81866976
招标公告	吉林省市场监督管理厅食品快检设备采购项目	吉林省	2026-01-12	吉林省公共资源交易中心	http://www.ggzyzx.jl.gov.cn/info/2026/01/12/345678.html	[电子化]吉林省市场监督管理厅食品快检设备采购项目招标公告项目编号：JLSZC20250090901预算金额：2000000元采购方式：公开招标开标日期：2026-02-02一、项目基本情况项目编号：JLSZC20250090901项目名称：吉林省市场监督管理厅食品快检设备采购项目预算金额：2000000元采购需求：采购食品快检设备，包括农药残留检测仪、兽药残留检测仪等，具体内容详见招标文件。合同履行期限：自合同签订之日起3个月。本项目不接受联合体投标。二、申请人的资格要求1.满足《中华人民共和国政府采购法》第二十二条规定；2.落实政府采购政策需满足的资格要求：本项目非专门面向中小企业采购。3.本项目的特定资格要求：无。三、获取招标文件时间：2026年01月12日至2026年01月19日，每天上午08:00至11:30，下午13:00至16:00（北京时间，法定节假日除外）地点：吉林省公共资源交易一体化平台方式：网上下载售价：0元四、提交投标文件截止时间、开标时间和地点截止时间：2026年02月02日09点00分（北京时间）地点：吉林省公共资源交易中心五、公告期限自本公告发布之日起5个工作日。六、其他补充事宜无七、对本次招标提出询问，请按以下方式联系1.采购人信息名称：吉林省市场监督管理厅地址：长春市联系人：刘工联系电话：0431-827654322.采购代理机构信息名称：吉林省公共资源交易中心地址：长春市人民大街9999号联系人：孙工联系电话：0431-81866976               招标公告	吉林省生态环境厅空气质量监测网络升级项目	吉林省	2026-01-10	吉林省公共资源交易中心	http://www.ggzyzx.jl.gov.cn/info/2026/01/10/901234.html	[电子化]吉林省生态环境厅空气质量监测网络升级项目招标公告项目编号：JLSZC20250090601预算金额：7000000元采购方式：公开招标开标日期：2026-01-30一、项目基本情况项目编号：JLSZC20250090601项目名称：吉林省生态环境厅空气质量监测网络升级项目预算金额：7000000元采购需求：升级空气质量监测网络，购置监测设备、数据传输设备等，具体内容详见招标文件。合同履行期限：自合同签订之日起4个月。本项目不接受联合体投标。二、申请人的资格要求1.满足《中华人民共和国政府采购法》第二十二条规定；2.落实政府采购政策需满足的资格要求：本项目非专门面向中小企业采购。3.本项目的特定资格要求：无。三、获取招标文件时间：2026年01月10日至2026年01月17日，每天上午08:00至11:30，下午13:00至16:00（北京时间，法定节假日除外）地点：吉林省公共资源交易一体化平台方式：网上下载售价：0元四、提交投标文件截止时间、开标时间和地点截止时间：2026年01月30日09点00分（北京时间）地点：吉林省公共资源交易中心五、公告期限自本公告发布之日起5个工作日。六、其他补充事宜无七、对本次招标提出询问，请按以下方式联系1.采购人信息名称：吉林省生态环境厅地址：长春市联系人：王工联系电话：0431-876543212.采购代理机构信息名称：吉林省公共资源交易中心地址：长春市人民大街9999号联系人：李工联系电话：0431-89867890
招标公告	吉林省交通运输综合行政执法局执法装备采购项目	吉林省	2026-01-08	吉林省公共资源交易中心	http://www.ggzyzx.jl.gov.cn/info/2026/01/08/567890.html	[电子化]吉林省交通运输综合行政执法局执法装备采购项目招标公告项目编号：JLSZC20250090301预算金额：4000000元采购方式：公开招标开标日期：2026-01-28一、项目基本情况项目编号：JLSZC20250090301项目名称：吉林省交通运输综合行政执法局执法装备采购项目预算金额：4000000元采购需求：采购执法装备，包括执法车辆、记录仪、检测设备等，具体内容详见招标文件。合同履行期限：自合同签订之日起2个月。本项目不接受联合体投标。二、申请人的资格要求1.满足《中华人民共和国政府采购法》第二十二条规定；2.落实政府采购政策需满足的资格要求：本项目非专门面向中小企业采购。3.本项目的特定资格要求：无。三、获取招标文件时间：2026年01月08日至2026年01月15日，每天上午08:00至11:30，下午13:00至16:00（北京时间，法定节假日除外）地点：吉林省公共资源交易一体化平台方式：网上下载售价：0元四、提交投标文件截止时间、开标时间和地点截止时间：2026年01月28日09点00分（北京时间）地点：吉林省公共资源交易中心五、公告期限自本公告发布之日起5个工作日。六、其他补充事宜无七、对本次招标提出询问，请按以下方式联系1.采购人信息名称：吉林省交通运输综合行政执法局地址：长春市联系人：张工联系电话：0431-856712342.采购代理机构信息名称：吉林省公共资源交易中心地址：长春市人民大街9999号联系人：赵工联系电话：0431-81866966
招标公告	吉林省政务服务和数字化建设管理局政务云平台扩容项目	吉林省	2026-01-06	吉林省公共资源交易中心	http://www.ggzyzx.jl.gov.cn/info/2026/01/06/123456.html	[电子化]吉林省政务服务和数字化建设管理局政务云平台扩容项目招标公告项目编号：JLSZC20250090001预算金额：18000000元采购方式：公开招标开标日期：2026-01-26一、项目基本情况项目编号：JLSZC20250090001项目名称：吉林省政务服务和数字化建设管理局政务云平台扩容项目预算金额：18000000元采购需求：扩容政务云平台，增加服务器、存储、安全资源，具体内容详见招标文件。合同履行期限：自合同签订之日起5个月。本项目不接受联合体投标。二、申请人的资格要求1.满足《中华人民共和国政府采购法》第二十二条规定；2.落实政府采购政策需满足的资格要求：本项目非专门面向中小企业采购。3.本项目的特定资格要求：无。三、获取招标文件时间：2026年01月06日至2026年01月13日，每天上午08:00至11:30，下午13:00至16:00（北京时间，法定节假日除外）地点：吉林省公共资源交易一体化平台方式：网上下载售价：0元四、提交投标文件截止时间、开标时间和地点截止时间：2026年01月26日09点00分（北京时间）地点：吉林省公共资源交易中心五、公告期限自本公告发布之日起5个工作日。六、其他补充事宜无七、对本次招标提出询问，请按以下方式联系1.采购人信息名称：吉林省政务服务和数字化建设管理局地址：长春市联系人：李工联系电话：0431-898678902.采购代理机构信息名称：吉林省公共资源交易中心地址：长春市人民大街9999号联系人：王工联系电话：0431-89867890
招标公告	吉林省文化和旅游厅文旅大数据平台建设项目	吉林省	2026-01-05	吉林省公共资源交易中心	http://www.ggzyzx.jl.gov.cn/info/2026/01/05/789012.html	[电子化]吉林省文化和旅游厅文旅大数据平台建设项目招标公告项目编号：JLSZC20250089801预算金额：9000000元采购方式：公开招标开标日期：2026-01-25一、项目基本情况项目编号：JLSZC20250089801项目名称：吉林省文化和旅游厅文旅大数据平台建设项目预算金额：9000000元采购需求：建设文旅大数据平台，实现数据汇聚、监测分析、智慧调度，具体内容详见招标文件。合同履行期限：自合同签订之日起6个月。本项目不接受联合体投标。二、申请人的资格要求1.满足《中华人民共和国政府采购法》第二十二条规定；2.落实政府采购政策需满足的资格要求：本项目非专门面向中小企业采购。3.本项目的特定资格要求：无。三、获取招标文件时间：2026年01月05日至2026年01月12日，每天上午08:00至11:30，下午13:00至16:00（北京时间，法定节假日除外）地点：吉林省公共资源交易一体化平台方式：网上下载售价：0元四、提交投标文件截止时间、开标时间和地点截止时间：2026年01月25日09点00分（北京时间）地点：吉林省公共资源交易中心五、公告期限自本公告发布之日起5个工作日。六、其他补充事宜无七、对本次招标提出询问，请按以下方式联系1.采购人信息名称：吉林省文化和旅游厅地址：长春市联系人：刘工联系电话：0431-827654322.采购代理机构信息名称：吉林省公共资源交易中心地址：长春市人民大街9999号联系人：孙工联系电话：0431-81866976
招标公告	吉林省体育局体育场馆设施设备采购项目	吉林省	2026-01-04	吉林省公共资源交易中心	http://www.ggzyzx.jl.gov.cn/info/2026/01/04/345678.html	[电子化]吉林省体育局体育场馆设施设备采购项目招标公告项目编号：JLSZC20250089601预算金额：6000000元采购方式：公开招标开标日期：2026-01-24一、项目基本情况项目编号：JLSZC20250089601项目名称：吉林省体育局体育场馆设施设备采购项目预算金额：6000000元采购需求：采购体育场馆设施设备，包括健身器材、照明音响、计时计分系统，具体内容详见招标文件。合同履行期限：自合同签订之日起3个月。本项目不接受联合体投标。二、申请人的资格要求1.满足《中华人民共和国政府采购法》第二十二条规定；2.落实政府采购政策需满足的资格要求：本项目非专门面向中小企业采购。3.本项目的特定资格要求：无。三、获取招标文件时间：2026年01月04日至2026年01月11日，每天上午08:00至11:30，下午13:00至16:00（北京时间，法定节假日除外）地点：吉林省公共资源交易一体化平台方式：网上下载售价：0元四、提交投标文件截止时间、开标时间和地点截止时间：2026年01月24日09点00分（北京时间）地点：吉林省公共资源交易中心五、公告期限自本公告发布之日起5个工作日。六、其他补充事宜无七、对本次招标提出询问，请按以下方式联系1.采购人信息名称：吉林省体育局地址：长春市联系人：王工联系电话：0431-876543212.采购代理机构信息名称：吉林省公共资源交易中心地址：长春市人民大街9999号联系人：李工联系电话：0431-89867890
招标公告	吉林省粮食和物资储备局应急物资储备库建设项目	吉林省	2026-01-03	吉林省公共资源交易中心	http://www.ggzyzx.jl.gov.cn/info/2026/01/03/901234.html	[电子化]吉林省粮食和物资储备局应急物资储备库建设项目招标公告项目编号：JLSZC20250089401预算金额：12000000元采购方式：公开招标开标日期：2026-01-23一、项目基本情况项目编号：JLSZC20250089401项目名称：吉林省粮食和物资储备局应急物资储备库建设项目预算金额：12000000元采购需求：建设应急物资储备库，含仓储设施、装卸设备、信息化管理系统，具体内容详见招标文件。合同履行期限：自合同签订之日起8个月。本项目不接受联合体投标。二、申请人的资格要求1.满足《中华人民共和国政府采购法》第二十二条规定；2.落实政府采购政策需满足的资格要求：本项目非专门面向中小企业采购。3.本项目的特定资格要求：无。三、获取招标文件时间：2026年01月03日至2026年01月10日，每天上午08:00至11:30，下午13:00至16:00（北京时间，法定节假日除外）地点：吉林省公共资源交易一体化平台方式：网上下载售价：0元四、提交投标文件截止时间、开标时间和地点截止时间：2026年01月23日09点00分（北京时间）地点：吉林省公共资源交易中心五、公告期限自本公告发布之日起5个工作日。六、其他补充事宜无七、对本次招标提出询问，请按以下方式联系1.采购人信息名称：吉林省粮食和物资储备局地址：长春市联系人：张工联系电话：0431-856712342.采购代理机构信息名称：吉林省公共资源交易中心地址：长春市人民大街9999号联系人：赵工联系电话：0431-81866966
招标公告	吉林省能源局新能源项目监测监管平台建设	吉林省	2026-01-02	吉林省公共资源交易中心	http://www.ggzyzx.jl.gov.cn/info/2026/01/02/567890.html	[电子化]吉林省能源局新能源项目监测监管平台建设招标公告项目编号：JLSZC20250089201预算金额：5000000元采购方式：公开招标开标日期：2026-01-22一、项目基本情况项目编号：JLSZC20250089201项目名称：吉林省能源局新能源项目监测监管平台建设预算金额：5000000元采购需求：建设新能源项目监测监管平台，实现数据采集、在线监控、风险预警，具体内容详见招标文件。合同履行期限：自合同签订之日起5个月。本项目不接受联合体投标。二、申请人的资格要求1.满足《中华人民共和国政府采购法》第二十二条规定；2.落实政府采购政策需满足的资格要求：本项目非专门面向中小企业采购。3.本项目的特定资格要求：无。三、获取招标文件时间：2026年01月02日至2026年01月09日，每天上午08:00至11:30，下午13:00至16:00（北京时间，法定节假日除外）地点：吉林省公共资源交易一体化平台方式：网上下载售价：0元四、提交投标文件截止时间、开标时间和地点截止时间：2026年01月22日09点00分（北京时间）地点：吉林省公共资源交易中心五、公告期限自本公告发布之日起5个工作日。六、其他补充事宜无七、对本次招标提出询问，请按以下方式联系1.采购人信息名称：吉林省能源局地址：长春市联系人：李工联系电话：0431-898678902.采购代理机构信息名称：吉林省公共资源交易中心地址：长春市人民大街9999号联系人：王工联系电话：0431-89867890
招标公告	吉林省乡村振兴局乡村建设项目监理服务采购	吉林省	2026-01-01	吉林省公共资源交易中心	http://www.ggzyzx.jl.gov.cn/info/2026/01/01/123456.html	[电子化]吉林省乡村振兴局乡村建设项目监理服务采购招标公告项目编号：JLSZC20250089001预算金额：3000000元采购方式：公开招标开标日期：2026-01-21一、项目基本情况项目编号：JLSZC20250089001项目名称：吉林省乡村振兴局乡村建设项目监理服务采购预算金额：3000000元采购需求：为乡村建设项目提供全过程监理服务，含质量、进度、投资、安全控制，具体内容详见招标文件。合同履行期限：自合同签订之日起12个月。本项目不接受联合体投标。二、申请人的资格要求1.满足《中华人民共和国政府采购法》第二十二条规定；2.落实政府采购政策需满足的资格要求：本项目非专门面向中小企业采购。3.本项目的特定资格要求：无。三、获取招标文件时间：2026年01月01日至2026年01月08日，每天上午08:00至11:30，下午13:00至16:00（北京时间，法定节假日除外）地点：吉林省公共资源交易一体化平台方式：网上下载售价：0元四、提交投标文件截止时间、开标时间和地点截止时间：2026年01月21日09点00分（北京时间）地点：吉林省公共资源交易中心五、公告期限自本公告发布之日起5个工作日。六、其他补充事宜无七、对本次招标提出询问，请按以下方式联系1.采购人信息名称：吉林省乡村振兴局地址：长春市联系人：刘工联系电话：0431-827654322.采购代理机构信息名称：吉林省公共资源交易中心地址：长春市人民大街9999号联系人：孙工联系电话：0431-81866976
招标公告	长春市教育局2026年新建学校教学设备采购项目	吉林省	2026-01-01	长春市政府采购中心	http://ccggzy.changchun.gov.cn/info/2026/01/01/789012.html	长春市教育局2026年新建学校教学设备采购项目招标公告项目编号：CCZC2026-001预算金额：22000000元采购方式：公开招标一、项目基本情况项目名称：2026年新建学校教学设备采购项目预算金额：22000000元采购需求：采购教学设备、课桌椅、多媒体设备、实验室仪器、图书等，具体内容详见招标文件。合同履行期限：自合同签订之日起4个月。本项目不接受联合体投标。二、投标人资格要求1.满足《中华人民共和国政府采购法》第二十二条规定；2.未被列入失信被执行人、重大税收违法失信主体；3.具备相关供货与服务能力。三、招标文件获取时间：2026年1月1日至1月8日地点：长春市公共资源交易网方式：在线下载售价：0元四、投标截止时间：2026年1月21日9时地点：长春市公共资源交易中心五、公告期限：5个工作日六、联系方式采购人：长春市教育局联系人：陈工电话：0431-8877XXXX采购代理机构：长春市政府采购中心联系人：杨工电话：0431-8877XXXX
类型	标题	省份	发布时间	来源	详情链接	完整内容
招标公告	吉林省公安厅交通管理局智能交通管理系统升级项目	吉林省	2026-04-01	吉林省公共资源交易中心	http://www.ggzyzx.jl.gov.cn/info/2026/04/01/10001.html	吉林省公安厅交通管理局智能交通管理系统升级项目招标公告来源：吉林省公共资源交易中心 发布时间：2026-04-01 浏览次数：156 招标公告 项目概况 本项目为吉林省公安厅交通管理局智能交通管理系统升级项目，建设内容包括交通信号控制系统升级、交通违法监测系统优化、交通流量采集设备更新等，提升全省交通管理智能化水平。一、项目基本情况项目编号：JLSZC20260011501项目名称：智能交通管理系统升级项目预算金额：18500000元采购需求：具体内容详见招标文件。合同履行期限：自合同签订之日起5个月。本项目不接受联合体投标。二、申请人的资格要求1.满足《中华人民共和国政府采购法》第二十二条规定；2.落实政府采购政策需满足的资格要求：本项目非专门面向中小企业采购。3.本项目的特定资格要求：具备电子与智能化工程专业承包一级资质。三、获取招标文件时间：2026年04月01日至2026年04月08日，每天上午09:00至11:30，下午13:30至16:00（北京时间，法定节假日除外）地点：吉林省公共资源交易一体化平台方式：网上下载售价：0元四、提交投标文件截止时间、开标时间和地点截止时间：2026年04月22日09点00分（北京时间）地点：吉林省公共资源交易中心五、公告期限自本公告发布之日起5个工作日。六、其他补充事宜无七、对本次招标提出询问，请按以下方式联系1.采购人信息名称：吉林省公安厅交通管理局地址：长春市联系人：赵工联系电话：0431-818669882.采购代理机构信息名称：吉林省公共资源交易中心地址：长春市人民大街9999号联系人：孙工联系电话：0431-89867891
招标公告	吉林省教育学院数字化校园建设项目	吉林省	2026-03-28	吉林省公共资源交易中心	http://www.ggzyzx.jl.gov.cn/info/2026/03/28/10002.html	吉林省教育学院数字化校园建设项目招标公告来源：吉林省公共资源交易中心 发布时间：2026-03-28 浏览次数：128 招标公告 项目概况 本项目为吉林省教育学院数字化校园建设，建设内容包括校园网络升级、智慧教室建设、教学资源云平台搭建，提升学院信息化教学环境。一、项目基本情况项目编号：JLSZC20260011601项目名称：数字化校园建设项目预算金额：6200000元采购需求：具体内容详见招标文件。合同履行期限：自合同签订之日起4个月。本项目不接受联合体投标。二、申请人的资格要求1.满足《中华人民共和国政府采购法》第二十二条规定；2.落实政府采购政策需满足的资格要求：本项目非专门面向中小企业采购。3.本项目的特定资格要求：无。三、获取招标文件时间：2026年03月28日至2026年04月04日，每天上午09:00至11:30，下午13:30至16:00（北京时间，法定节假日除外）地点：吉林省公共资源交易一体化平台方式：网上下载售价：0元四、提交投标文件截止时间、开标时间和地点截止时间：2026年04月19日09点00分（北京时间）地点：吉林省公共资源交易中心五、公告期限自本公告发布之日起5个工作日。六、其他补充事宜无七、对本次招标提出询问，请按以下方式联系1.采购人信息名称：吉林省教育学院地址：长春市联系人：钱工联系电话：0431-818669992.采购代理机构信息名称：吉林省公共资源交易中心地址：长春市人民大街9999号联系人：周工联系电话：0431-89867892
招标公告	吉林省水利厅农村饮水安全巩固提升工程设备采购	吉林省	2026-03-25	吉林省公共资源交易中心	http://www.ggzyzx.jl.gov.cn/info/2026/03/25/10003.html	吉林省水利厅农村饮水安全巩固提升工程设备采购招标公告来源：吉林省公共资源交易中心 发布时间：2026-03-25 浏览次数：142 招标公告 项目概况 本项目为吉林省水利厅农村饮水安全巩固提升工程，采购水质检测设备、供水净化设备、输水管材等，改善农村饮水安全条件。一、项目基本情况项目编号：JLSZC20260011701项目名称：农村饮水安全巩固提升工程设备采购预算金额：9800000元采购需求：具体内容详见招标文件。合同履行期限：自合同签订之日起3个月。本项目不接受联合体投标。二、申请人的资格要求1.满足《中华人民共和国政府采购法》第二十二条规定；2.落实政府采购政策需满足的资格要求：本项目非专门面向中小企业采购。3.本项目的特定资格要求：无。三、获取招标文件时间：2026年03月25日至2026年04月01日，每天上午09:00至11:30，下午13:30至16:00（北京时间，法定节假日除外）地点：吉林省公共资源交易一体化平台方式：网上下载售价：0元四、提交投标文件截止时间、开标时间和地点截止时间：2026年04月16日09点00分（北京时间）地点：吉林省公共资源交易中心五、公告期限自本公告发布之日起5个工作日。六、其他补充事宜无七、对本次招标提出询问，请按以下方式联系1.采购人信息名称：吉林省水利厅地址：长春市联系人：吴工联系电话：0431-818670002.采购代理机构信息名称：吉林省公共资源交易中心地址：长春市人民大街9999号联系人：郑工联系电话：0431-89867893
招标公告	吉林省农业农村厅农业大数据中心建设项目	吉林省	2026-03-20	吉林省公共资源交易中心	http://www.ggzyzx.jl.gov.cn/info/2026/03/20/10004.html	吉林省农业农村厅农业大数据中心建设项目招标公告来源：吉林省公共资源交易中心 发布时间：2026-03-20 浏览次数：135 招标公告 项目概况 本项目为吉林省农业农村厅农业大数据中心建设，建设内容包括农业数据采集系统、数据分析平台、农业监测预警系统，服务全省农业生产。一、项目基本情况项目编号：JLSZC20260011801项目名称：农业大数据中心建设项目预算金额：12500000元采购需求：具体内容详见招标文件。合同履行期限：自合同签订之日起6个月。本项目不接受联合体投标。二、申请人的资格要求1.满足《中华人民共和国政府采购法》第二十二条规定；2.落实政府采购政策需满足的资格要求：本项目非专门面向中小企业采购。3.本项目的特定资格要求：无。三、获取招标文件时间：2026年03月20日至2026年03月27日，每天上午09:00至11:30，下午13:30至16:00（北京时间，法定节假日除外）地点：吉林省公共资源交易一体化平台方式：网上下载售价：0元四、提交投标文件截止时间、开标时间和地点截止时间：2026年04月11日09点00分（北京时间）地点：吉林省公共资源交易中心五、公告期限自本公告发布之日起5个工作日。六、其他补充事宜无七、对本次招标提出询问，请按以下方式联系1.采购人信息名称：吉林省农业农村厅地址：长春市联系人：冯工联系电话：0431-818670012.采购代理机构信息名称：吉林省公共资源交易中心地址：长春市人民大街9999号联系人：陈工联系电话：0431-89867894
招标公告	吉林省卫生健康委员会远程医疗服务平台建设项目	吉林省	2026-03-18	吉林省公共资源交易中心	http://www.ggzyzx.jl.gov.cn/info/2026/03/18/10005.html	吉林省卫生健康委员会远程医疗服务平台建设项目招标公告来源：吉林省公共资源交易中心 发布时间：2026-03-18 浏览次数：118 招标公告 项目概况 本项目为吉林省卫生健康委员会远程医疗服务平台建设，实现全省各级医院远程会诊、远程诊断、在线培训等功能，推进医疗资源共享。一、项目基本情况项目编号：JLSZC20260011901项目名称：远程医疗服务平台建设项目预算金额：8600000元采购需求：具体内容详见招标文件。合同履行期限：自合同签订之日起5个月。本项目不接受联合体投标。二、申请人的资格要求1.满足《中华人民共和国政府采购法》第二十二条规定；2.落实政府采购政策需满足的资格要求：本项目非专门面向中小企业采购。3.本项目的特定资格要求：无。三、获取招标文件时间：2026年03月18日至2026年03月25日，每天上午09:00至11:30，下午13:30至16:00（北京时间，法定节假日除外）地点：吉林省公共资源交易一体化平台方式：网上下载售价：0元四、提交投标文件截止时间、开标时间和地点截止时间：2026年04月09日09点00分（北京时间）地点：吉林省公共资源交易中心五、公告期限自本公告发布之日起5个工作日。六、其他补充事宜无七、对本次招标提出询问，请按以下方式联系1.采购人信息名称：吉林省卫生健康委员会地址：长春市联系人：褚工联系电话：0431-818670022.采购代理机构信息名称：吉林省公共资源交易中心地址：长春市人民大街9999号联系人：卫工联系电话：0431-89867895
招标公告	吉林省应急管理厅应急指挥通信系统升级项目	吉林省	2026-03-15	吉林省公共资源交易中心	http://www.ggzyzx.jl.gov.cn/info/2026/03/15/10006.html	吉林省应急管理厅应急指挥通信系统升级项目招标公告来源：吉林省公共资源交易中心 发布时间：2026-03-15 浏览次数：109 招标公告 项目概况 本项目为吉林省应急管理厅应急指挥通信系统升级，建设内容包括应急指挥平台升级、卫星通信设备采购、应急指挥车系统改造，提升应急处置能力。一、项目基本情况项目编号：JLSZC20260012001项目名称：应急指挥通信系统升级项目预算金额：15200000元采购需求：具体内容详见招标文件。合同履行期限：自合同签订之日起4个月。本项目不接受联合体投标。二、申请人的资格要求1.满足《中华人民共和国政府采购法》第二十二条规定；2.落实政府采购政策需满足的资格要求：本项目非专门面向中小企业采购。3.本项目的特定资格要求：无。三、获取招标文件时间：2026年03月15日至2026年03月22日，每天上午09:00至11:30，下午13:30至16:00（北京时间，法定节假日除外）地点：吉林省公共资源交易一体化平台方式：网上下载售价：0元四、提交投标文件截止时间、开标时间和地点截止时间：2026年04月06日09点00分（北京时间）地点：吉林省公共资源交易中心五、公告期限自本公告发布之日起5个工作日。六、其他补充事宜无七、对本次招标提出询问，请按以下方式联系1.采购人信息名称：吉林省应急管理厅地址：长春市联系人：蒋工联系电话：0431-818670032.采购代理机构信息名称：吉林省公共资源交易中心地址：长春市人民大街9999号联系人：沈工联系电话：0431-89867896
招标公告	吉林省民政厅智慧养老服务平台建设项目	吉林省	2026-03-12	吉林省公共资源交易中心	http://www.ggzyzx.jl.gov.cn/info/2026/03/12/10007.html	吉林省民政厅智慧养老服务平台建设项目招标公告来源：吉林省公共资源交易中心 发布时间：2026-03-12 浏览次数：105 招标公告 项目概况 本项目为吉林省民政厅智慧养老服务平台建设，建设内容包括养老服务机构管理系统、老年人信息数据库、养老服务资源调度平台。一、项目基本情况项目编号：JLSZC20260012101项目名称：智慧养老服务平台建设项目预算金额：7800000元采购需求：具体内容详见招标文件。合同履行期限：自合同签订之日起5个月。本项目不接受联合体投标。二、申请人的资格要求1.满足《中华人民共和国政府采购法》第二十二条规定；2.落实政府采购政策需满足的资格要求：本项目非专门面向中小企业采购。3.本项目的特定资格要求：无。三、获取招标文件时间：2026年03月12日至2026年03月19日，每天上午09:00至11:30，下午13:30至16:00（北京时间，法定节假日除外）地点：吉林省公共资源交易一体化平台方式：网上下载售价：0元四、提交投标文件截止时间、开标时间和地点截止时间：2026年04月03日09点00分（北京时间）地点：吉林省公共资源交易中心五、公告期限自本公告发布之日起5个工作日。六、其他补充事宜无七、对本次招标提出询问，请按以下方式联系1.采购人信息名称：吉林省民政厅地址：长春市联系人：韩工联系电话：0431-818670042.采购代理机构信息名称：吉林省公共资源交易中心地址：长春市人民大街9999号联系人：杨工联系电话：0431-89867897
招标公告	吉林省财政厅预算绩效管理信息系统升级项目	吉林省	2026-03-10	吉林省公共资源交易中心	http://www.ggzyzx.jl.gov.cn/info/2026/03/10/10008.html	吉林省财政厅预算绩效管理信息系统升级项目招标公告来源：吉林省公共资源交易中心 发布时间：2026-03-10 浏览次数：98 招标公告 项目概况 本项目为吉林省财政厅预算绩效管理信息系统升级，建设内容包括预算编制优化、绩效评价系统、预算执行监控系统。一、项目基本情况项目编号：JLSZC20260012201项目名称：预算绩效管理信息系统升级项目预算金额：6500000元采购需求：具体内容详见招标文件。合同履行期限：自合同签订之日起4个月。本项目不接受联合体投标。二、申请人的资格要求1.满足《中华人民共和国政府采购法》第二十二条规定；2.落实政府采购政策需满足的资格要求：本项目非专门面向中小企业采购。3.本项目的特定资格要求：无。三、获取招标文件时间：2026年03月10日至2026年03月17日，每天上午09:00至11:30，下午13:30至16:00（北京时间，法定节假日除外）地点：吉林省公共资源交易一体化平台方式：网上下载售价：0元四、提交投标文件截止时间、开标时间和地点截止时间：2026年03月31日09点00分（北京时间）地点：吉林省公共资源交易中心五、公告期限自本公告发布之日起5个工作日。六、其他补充事宜无七、对本次招标提出询问，请按以下方式联系1.采购人信息名称：吉林省财政厅地址：长春市联系人：朱工联系电话：0431-818670052.采购代理机构信息名称：吉林省公共资源交易中心地址：长春市人民大街9999号联系人：秦工联系电话：0431-89867898
招标公告	吉林省市场监督管理厅食品安全智慧监管平台项目	吉林省	2026-03-08	吉林省公共资源交易中心	http://www.ggzyzx.jl.gov.cn/info/202                                                招标公告	吉林省监狱管理局智慧监管安防系统升级项目	吉林省	2026-02-23	吉林省公共资源交易中心	http://www.ggzyzx.jl.gov.cn/info/2026/02/23/10021.html	[电子化]吉林省监狱管理局智慧监管安防系统升级项目招标公告项目编号：JLSZC20260013501预算金额：13800000元采购方式：公开招标开标日期：2026-03-16一、项目基本情况采购智能监控设备、周界防范系统、应急报警装置、人脸智能识别系统，合同履行期限6个月，不接受联合体投标。二、资格要求满足《中华人民共和国政府采购法》第二十二条规定。三、招标文件获取2026年02月23日至2026年03月01日线上免费下载。四、投标截止时间2026年03月16日09点00分。五、联系方式采购人：吉林省监狱管理局 联系人：汤工 电话：0431-81867018 采购代理机构：吉林省公共资源交易中心 联系人：毕工 电话：0431-89867911
招标公告	吉林省残疾人联合会康复服务信息化平台建设	吉林省	2026-02-22	吉林省公共资源交易中心	http://www.ggzyzx.jl.gov.cn/info/2026/02/22/10022.html	[电子化]吉林省残疾人联合会康复服务信息化平台建设招标公告项目编号：JLSZC20260013601预算金额：4600000元采购方式：公开招标开标日期：2026-03-15一、项目基本情况建设残疾人信息管理、康复服务申请、辅助器具适配、服务质量监管一体化平台，合同履行期限4个月，不接受联合体投标。二、资格要求满足政府采购法第二十二条规定。三、招标文件获取2026年02月22日至2026年02月29日线上免费下载。四、投标截止时间2026年03月15日09点00分。五、联系方式采购人：吉林省残疾人联合会 联系人：舒工 电话：0431-81867019 采购代理机构：吉林省公共资源交易中心 联系人：戚工 电话：0431-89867912
招标公告	吉林省粮食和物资储备局智能仓储监管系统采购	吉林省	2026-02-21	吉林省公共资源交易中心	http://www.ggzyzx.jl.gov.cn/info/2026/02/21/10023.html	[电子化]吉林省粮食和物资储备局智能仓储监管系统采购招标公告项目编号：JLSZC20260013701预算金额：7900000元采购方式：公开招标开标日期：2026-03-14一、项目基本情况采购粮库温湿度监测、智能通风控制、粮情检测分析、仓储安防监控设备，合同履行期限5个月，不接受联合体投标。二、资格要求满足政府采购法第二十二条规定。三、招标文件获取2026年02月21日至2026年02月28日线上免费下载。四、投标截止时间2026年03月14日09点00分。五、联系方式采购人：吉林省粮食和物资储备局 联系人：甘工 电话：0431-81867020 采购代理机构：吉林省公共资源交易中心 联系人：焦工 电话：0431-89867913
招标公告	吉林省住房和城乡建设厅城市运行管理服务平台建设	吉林省	2026-02-20	吉林省公共资源交易中心	http://www.ggzyzx.jl.gov.cn/info/2026/02/20/10024.html	[电子化]吉林省住房和城乡建设厅城市运行管理服务平台建设招标公告项目编号：JLSZC20260013801预算金额：16800000元采购方式：公开招标开标日期：2026-03-13一、项目基本情况建设城市管理、市政设施、园林绿化、市容环境、应急指挥一体化综合服务平台，合同履行期限7个月，不接受联合体投标。二、资格要求满足政府采购法第二十二条规定。三、招标文件获取2026年02月20日至2026年02月27日线上免费下载。四、投标截止时间2026年03月13日09点00分。五、联系方式采购人：吉林省住房和城乡建设厅 联系人：巴工 电话：0431-81867021 采购代理机构：吉林省公共资源交易中心 联系人：弓工 电话：0431-89867914
招标公告	吉林省交通运输厅高速公路智慧监测系统升级	吉林省	2026-02-19	吉林省公共资源交易中心	http://www.ggzyzx.jl.gov.cn/info/2026/02/19/10025.html	[电子化]吉林省交通运输厅高速公路智慧监测系统升级招标公告项目编号：JLSZC20260013901预算金额：21500000元采购方式：公开招标开标日期：2026-03-12一、项目基本情况升级路况监测、交通流量分析、事故预警、应急救援调度系统，合同履行期限6个月，不接受联合体投标。二、资格要求满足政府采购法第二十二条规定。三、招标文件获取2026年02月19日至2026年02月26日线上免费下载。四、投标截止时间2026年03月12日09点00分。五、联系方式采购人：吉林省交通运输厅 联系人：韩工 电话：0431-81867022 采购代理机构：吉林省公共资源交易中心 联系人：宁工 电话：0431-89867915
招标公告	吉林省教育技术装备中心中小学实验室设备集中采购	吉林省	2026-02-18	吉林省公共资源交易中心	http://www.ggzyzx.jl.gov.cn/info/2026/02/18/10026.html	[电子化]吉林省教育技术装备中心中小学实验室设备集中采购招标公告项目编号：JLSZC20260014001预算金额：12300000元采购方式：公开招标开标日期：2026-03-11一、项目基本情况采购物理、化学、生物、科学实验室成套设备、实验仪器、安全防护器材，合同履行期限4个月，不接受联合体投标。二、资格要求满足政府采购法第二十二条规定。三、招标文件获取2026年02月18日至2026年02月25日线上免费下载。四、投标截止时间2026年03月11日09点00分。五、联系方式采购人：吉林省教育技术装备中心 联系人：戚工 电话：0431-81867023 采购代理机构：吉林省公共资源交易中心 联系人：谢工 电话：0431-89867916
招标公告	吉林省卫生健康委员会基层医疗卫生机构设备更新	吉林省	2026-02-17	吉林省公共资源交易中心	http://www.ggzyzx.jl.gov.cn/info/2026/02/17/10027.html	[电子化]吉林省卫生健康委员会基层医疗卫生机构设备更新招标公告项目编号：JLSZC20260014101预算金额：9400000元采购方式：公开招标开标日期：2026-03-10一、项目基本情况采购全科诊断设备、康复理疗设备、检验检测设备、公共卫生服务设备，合同履行期限3个月，不接受联合体投标。二、资格要求满足政府采购法第二十二条规定。三、招标文件获取2026年02月17日至2026年02月24日线上免费下载。四、投标截止时间2026年03月10日09点00分。五、联系方式采购人：吉林省卫生健康委员会 联系人：滕工 电话：0431-81867024 采购代理机构：吉林省公共资源交易中心 联系人：殷工 电话：0431-89867917
招标公告	吉林省生态环境厅大气环境质量自动监测设备采购	吉林省	2026-02-16	吉林省公共资源交易中心	http://www.ggzyzx.jl.gov.cn/info/2026/02/16/10028.html	[电子化]吉林省生态环境厅大气环境质量自动监测设备采购招标公告项目编号：JLSZC20260014201预算金额：8600000元采购方式：公开招标开标日期：2026-03-09一、项目基本情况采购大气六参数自动监测仪、VOCs在线监测设备、颗粒物分析仪、数据采集传输仪，合同履行期限4个月，不接受联合体投标。二、资格要求满足政府采购法第二十二条规定。三、招标文件获取2026年02月16日至2026年02月23日线上免费下载。四、投标截止时间2026年03月09日09点00分。五、联系方式采购人：吉林省生态环境厅 联系人：于工 电话：0431-81867025 采购代理机构：吉林省公共资源交易中心 联系人：卜工 电话：0431-89867918
招标公告	吉林省水利厅水资源监控能力建设项目	吉林省	2026-02-15	吉林省公共资源交易中心	http://www.ggzyzx.jl.gov.cn/info/2026/02/15/10029.html	[电子化]吉林省水利厅水资源监控能力建设项目招标公告项目编号：JLSZC20260014301预算金额：7200000元采购方式：公开招标开标日期：2026-03-08一、项目基本情况建设水位、流量、水质在线监测站点，采购数据采集终端、传输设备、监控平台软件，合同履行期限5个月，不接受联合体投标。二、资格要求满足政府采购法第二十二条规定。三、招标文件获取2026年02月15日至2026年02月22日线上免费下载。四、投标截止时间2026年03月08日09点00分。五、联系方式采购人：吉林省水利厅 联系人：邵工 电话：0431-81867026 采购代理机构：吉林省公共资源交易中心 联系人：孟工 电话：0431-89867919
招标公告	吉林省农业农村厅高标准农田建设监测设备采购	吉林省	2026-02-14	吉林省公共资源交易中心	http://www.ggzyzx.jl.gov.cn/info/2026/02/14/10030.html	[电子化]吉林省农业农村厅高标准农田建设监测设备采购招标公告项目编号：JLSZC20260014401预算金额：5800000元采购方式：公开招标开标日期：2026-03-07一、项目基本情况采购土壤墒情监测、气象监测、水肥一体化控制、作物长势监测设备，合同履行期限3个月，不接受联合体投标。二、资格要求满足政府采购法第二十二条规定。三、招标文件获取2026年02月14日至2026年02月21日线上免费下载。四、投标截止时间2026年03月07日09点00分。五、联系方式采购人：吉林省农业农村厅 联系人：秦工 电话：0431-81867027 采购代理机构：吉林省公共资源交易中心 联系人：季工 电话：0431-89867920
招标公告	吉林省文化和旅游厅公共文化服务数字化平台建设	吉林省	2026-02-13	吉林省公共资源交易中心	http://www.ggzyzx.jl.gov.cn/info/2026/02/13/10031.html	[电子化]吉林省文化和旅游厅公共文化服务数字化平台建设招标公告项目编号：JLSZC20260014501预算金额：6900000元采购方式：公开招标开标日期：2026-03-06一、项目基本情况建设图书馆、文化馆、博物馆数字化服务平台，资源共享、线上预约、智慧导览系统，合同履行期限5个月，不接受联合体投标。二、资格要求满足政府采购法第二十二条规定。三、招标文件获取2026年02月13日至2026年02月20日线上免费下载。四、投标截止时间2026年03月06日09点00分。五、联系方式采购人：吉林省文化和旅游厅 联系人：龙工 电话：0431-81867028 采购代理机构：吉林省公共资源交易中心 联系人：邢工 电话：0431-89867921
招标公告	吉林省体育局全民健身设施设备采购项目	吉林省	2026-02-12	吉林省公共资源交易中心	http://www.ggzyzx.jl.gov.cn/info/2026/02/12/10032.html	[电子化]吉林省体育局全民健身设施设备采购项目招标公告项目编号：JLSZC20260014601预算金额：4300000元采购方式：公开招标开标日期：2026-03-05一、项目基本情况采购室外健身路径、室内健身器材、儿童游乐设施、体育场地配套设施，合同履行期限2个月，不接受联合体投标。二、资格要求满足政府采购法第二十二条规定。三、招标文件获取2026年02月12日至2026年02月19日线上免费下载。四、投标截止时间2026年03月05日09点00分。五、联系方式采购人：吉林省体育局 联系人：成工 电话：0431-81867029 采购代理机构：吉林省公共资源交易中心 联系人：裴工 电话：0431-89867922
招标公告	吉林省应急管理厅自然灾害监测预警系统建设	吉林省	2026-02-11	吉林省公共资源交易中心	http://www.ggzyzx.jl.gov.cn/info/2026/02/11/10033.html	[电子化]吉林省应急管理厅自然灾害监测预警系统建设招标公告项目编号：JLSZC20260014701预算金额：11800000元采购方式：公开招标开标日期：2026-03-04一、项目基本情况建设地质灾害、气象灾害、水文灾害监测预警平台，数据汇聚、风险分析、应急发布系统，合同履行期限6个月，不接受联合体投标。二、资格要求满足政府采购法第二十二条规定。三、招标文件获取2026年02月11日至2026年02月18日线上免费下载。四、投标截止时间2026年03月04日09点00分。五、联系方式采购人：吉林省应急管理厅 联系人：霍工 电话：0431-81867030 采购代理机构：吉林省公共资源交易中心 联系人：翟工 电话：0431-89867923
招标公告	吉林省民政厅城乡社区服务信息化建设项目	吉林省	2026-02-10	吉林省公共资源交易中心	http://www.ggzyzx.jl.gov.cn/info/2026/02/10/10034.html	[电子化]吉林省民政厅城乡社区服务信息化建设项目招标公告项目编号：JLSZC20260014801预算金额：5100000元采购方式：公开招标开标日期：2026-03-03一、项目基本情况建设社区综合服务平台、政务代办、养老服务、便民服务、网格化管理系统，合同履行期限4个月，不接受联合体投标。二、资格要求满足政府采购法第二十二条规定。三、招标文件获取2026年02月10日至2026年02月17日线上免费下载。四、投标截止时间2026年03月03日09点00分。五、联系方式采购人：吉林省民政厅 联系人：戚工 电话：0431-81867031 采购代理机构：吉林省公共资源交易中心 联系人：谭工 电话：0431-89867924
招标公告	吉林省财政厅电子票据管理系统升级改造	吉林省	2026-02-09	吉林省公共资源交易中心	http://www.ggzyzx.jl.gov.cn/info/2026/02/09/10035.html	[电子化]吉林省财政厅电子票据管理系统升级改造招标公告项目编号：JLSZC20260014901预算金额：3800000元采购方式：公开招标开标日期：2026-03-02一、项目基本情况升级财政电子票据开具、管理、查验、归档、对接业务系统，合同履行期限3个月，不接受联合体投标。二、资格要求满足政府采购法第二十二条规定。三、招标文件获取2026年02月09日至2026年02月16日线上免费下载。四、投标截止时间2026年03月02日09点00分。五、联系方式采购人：吉林省财政厅 联系人：范工 电话：0431-81867032 采购代理机构：吉林省公共资源交易中心 联系人：陆工 电话：0431-89867925
招标公告	吉林省自然资源厅卫星遥感应用监测系统建设	吉林省	2026-02-08	吉林省公共资源交易中心	http://www.ggzyzx.jl.gov.cn/info/2026/02/08/10036.html	[电子化]吉林省自然资源厅卫星遥感应用监测系统建设招标公告项目编号：JLSZC20260015001预算金额：10500000元采购方式：公开招标开标日期：2026-03-01一、项目基本情况建设卫星遥感数据接收、处理、解译、监测、分析、展示一体化平台，合同履行期限6个月，不接受联合体投标。二、资格要求满足政府采购法第二十二条规定。三、招标文件获取2026年02月08日至2026年02月15日线上免费下载。四、投标截止时间2026年03月01日09点00分。五、联系方式采购人：吉林省自然资源厅 联系人：云工 电话：0431-81867033 采购代理机构：吉林省公共资源交易中心 联系人：柴工 电话：0431-89867926
招标公告	吉林省审计厅大数据审计支撑平台建设	吉林省	2026-02-07	吉林省公共资源交易中心	http://www.ggzyzx.jl.gov.cn/info/2026/02/07/10037.html	[电子化]吉林省审计厅大数据审计支撑平台建设招标公告项目编号：JLSZC20260015101预算金额：6700000元采购方式：公开招标开标日期：2026-02-27一、项目基本情况建设数据采集、数据治理、审计分析、审计作业、成果管理一体化大数据审计平台，合同履行期限4个月，不接受联合体投标。二、资格要求满足政府采购法第二十二条规定。三、招标文件获取2026年02月07日至2026年02月14日线上免费下载。四、投标截止时间2026年02月27日09点00分。五、联系方式采购人：吉林省审计厅 联系人：华工 电话：0431-81867034 采购代理机构：吉林省公共资源交易中心 联系人：莫工 电话：0431-89867927
招标公告	吉林省统计局统计大数据资源池建设项目	吉林省	2026-02-06	吉林省公共资源交易中心	http://www.ggzyzx.jl.gov.cn/info/2026/02/06/10038.html	[电子化]吉林省统计局统计大数据资源池建设项目招标公告项目编号：JLSZC20260015201预算金额：5400000元采购方式：公开招标开标日期：2026-02-26一、项目基本情况建设统计数据整合、存储、共享、分析、应用一体化资源池平台，合同履行期限4个月，不接受联合体投标。二、资格要求满足政府采购法第二十二条规定。三、招标文件获取2026年02月06日至2026年02月13日线上免费下载。四、投标截止时间2026年02月26日09点00分。五、联系方式采购人：吉林省统计局 联系人：滕工 电话：0431-81867035 采购代理机构：吉林省公共资源交易中心 联系人：向工 电话：0431-89867928
招标公告	吉林省机关事务管理局办公用房智能化管理平台	吉林省	2026-02-05	吉林省公共资源交易中心	http://www.ggzyzx.jl.gov.cn/info/2026/02/05/10039.html	[电子化]吉林省机关事务管理局办公用房智能化管理平台招标公告项目编号：JLSZC20260015301预算金额：3600000元采购方式：公开招标开标日期：2026-02-25一、项目基本情况建设办公用房分配、使用、维修、监管、统计分析一体化智能管理平台，合同履行期限3个月，不接受联合体投标。二、资格要求满足政府采购法第二十二条规定。三、招标文件获取2026年02月05日至2026年02月12日线上免费下载。四、投标截止时间2026年02月25日09点00分。五、联系方式采购人：吉林省机关事务管理局 联系人：吴工 电话：0431-81867036 采购代理机构：吉林省公共资源交易中心 联系人：常工 电话：0431-89867929
招标公告	吉林省广播电视局县级融媒体中心技术设备升级	吉林省	2026-02-04	吉林省公共资源交易中心	http://www.ggzyzx.jl.gov.cn/info/2026/02/04/10040.html	[电子化]吉林省广播电视局县级融媒体中心技术设备升级招标公告项目编号：JLSZC20260015401预算金额：8200000元采购方式：公开招标开标日期：2026-02-24一、项目基本情况采购融媒体采编、直播、制播、存储、传输、安全设备，合同履行期限4个月，不接受联合体投标。二、资格要求满足政府采购法第二十二条规定。三、招标文件获取2026年02月04日至2026年02月11日线上免费下载。四、投标截止时间2026年02月24日09点00分。五、联系方式采购人：吉林省广播电视局 联系人：齐工 电话：0431-81867037 采购代理机构：吉林省公共资源交易中心 联系人：乔工 电话：0431-89867930                    招标公告	吉林省政务服务和数字化建设管理局一体化政务服务平台升级	吉林省	2026-02-03	吉林省公共资源交易中心	http://www.ggzyzx.jl.gov.cn/info/2026/02/03/10041.html	[电子化]吉林省政务服务和数字化建设管理局一体化政务服务平台升级招标公告项目编号：JLSZC20260015501预算金额：19200000元采购方式：公开招标开标日期：2026-02-23一、项目基本情况建设一网通办、跨省通办、数据共享、电子证照、智能审批一体化平台，合同履行期限8个月，不接受联合体投标。二、资格要求满足《中华人民共和国政府采购法》第二十二条规定。三、招标文件获取2026年02月03日至2026年02月10日线上免费下载。四、投标截止时间2026年02月23日09点00分。五、联系方式采购人：吉林省政务服务和数字化建设管理局 联系人：尹工 电话：0431-81867038 采购代理机构：吉林省公共资源交易中心 联系人：乔工 电话：0431-89867931
招标公告	吉林省司法厅公共法律服务智能化平台建设	吉林省	2026-02-02	吉林省公共资源交易中心	http://www.ggzyzx.jl.gov.cn/info/2026/02/02/10042.html	[电子化]吉林省司法厅公共法律服务智能化平台建设招标公告项目编号：JLSZC20260015601预算金额：6500000元采购方式：公开招标开标日期：2026-02-22一、项目基本情况建设法律援助、律师服务、公证服务、人民调解、法治宣传一体化智能平台，合同履行期限5个月，不接受联合体投标。二、资格要求满足政府采购法第二十二条规定。三、招标文件获取2026年02月02日至2026年02月09日线上免费下载。四、投标截止时间2026年02月22日09点00分。五、联系方式采购人：吉林省司法厅 联系人：邵工 电话：0431-81867039 采购代理机构：吉林省公共资源交易中心 联系人：赖工 电话：0431-89867932
招标公告	吉林省人力资源和社会保障厅社保经办服务智能化升级	吉林省	2026-02-01	吉林省公共资源交易中心	http://www.ggzyzx.jl.gov.cn/info/2026/02/01/10043.html	[电子化]吉林省人力资源和社会保障厅社保经办服务智能化升级招标公告项目编号：JLSZC20260015701预算金额：8700000元采购方式：公开招标开标日期：2026-02-21一、项目基本情况建设社保自助服务、智能审核、待遇核算、资格认证、线上经办一体化系统，合同履行期限5个月，不接受联合体投标。二、资格要求满足政府采购法第二十二条规定。三、招标文件获取2026年02月01日至2026年02月08日线上免费下载。四、投标截止时间2026年02月21日09点00分。五、联系方式采购人：吉林省人力资源和社会保障厅 联系人：范工 电话：0431-81867040 采购代理机构：吉林省公共资源交易中心 联系人：巩工 电话：0431-89867933
招标公告	吉林省教育厅职业教育实训基地设备集中采购	吉林省	2026-01-31	吉林省公共资源交易中心	http://www.ggzyzx.jl.gov.cn/info/2026/01/31/10044.html	[电子化]吉林省教育厅职业教育实训基地设备集中采购招标公告项目编号：JLSZC20260015801预算金额：23600000元采购方式：公开招标开标日期：2026-02-20一、项目基本情况采购智能制造、新能源汽车、护理、信息技术、现代服务业实训设备，合同履行期限6个月，不接受联合体投标。二、资格要求满足政府采购法第二十二条规定。三、招标文件获取2026年01月31日至2026年02月07日线上免费下载。四、投标截止时间2026年02月20日09点00分。五、联系方式采购人：吉林省教育厅 联系人：苗工 电话：0431-81867041 采购代理机构：吉林省公共资源交易中心 联系人：符工 电话：0431-89867934
招标公告	吉林省卫生健康委员会疾控机构实验室设备更新	吉林省	2026-01-30	吉林省公共资源交易中心	http://www.ggzyzx.jl.gov.cn/info/2026/01/30/10045.html	[电子化]吉林省卫生健康委员会疾控机构实验室设备更新招标公告项目编号：JLSZC20260015901预算金额：11400000元采购方式：公开招标开标日期：2026-02-19一、项目基本情况采购病原检测、生化分析、微生物鉴定、核酸检测、应急检验设备，合同履行期限4个月，不接受联合体投标。二、资格要求满足政府采购法第二十二条规定。三、招标文件获取2026年01月30日至2026年02月06日线上免费下载。四、投标截止时间2026年02月19日09点00分。五、联系方式采购人：吉林省卫生健康委员会 联系人：滕工 电话：0431-81867042 采购代理机构：吉林省公共资源交易中心 联系人：桂工 电话：0431-89867935
招标公告	吉林省生态环境厅水环境质量自动监测站建设	吉林省	2026-01-29	吉林省公共资源交易中心	http://www.ggzyzx.jl.gov.cn/info/2026/01/29/10046.html	[电子化]吉林省生态环境厅水环境质量自动监测站建设招标公告项目编号：JLSZC20260016001预算金额：9300000元采购方式：公开招标开标日期：2026-02-18一、项目基本情况建设地表水、饮用水水源地自动监测站，采购水质五参数、氨氮、总磷、总氮监测设备，合同履行期限5个月，不接受联合体投标。二、资格要求满足政府采购法第二十二条规定。三、招标文件获取2026年01月29日至2026年02月05日线上免费下载。四、投标截止时间2026年02月18日09点00分。五、联系方式采购人：吉林省生态环境厅 联系人：舒工 电话：0431-81867043 采购代理机构：吉林省公共资源交易中心 联系人：桂工 电话：0431-89867936
招标公告	吉林省水利厅水土保持监测设施设备采购	吉林省	2026-01-28	吉林省公共资源交易中心	http://www.ggzyzx.jl.gov.cn/info/2026/01/28/10047.html	[电子化]吉林省水利厅水土保持监测设施设备采购招标公告项目编号：JLSZC20260016101预算金额：5200000元采购方式：公开招标开标日期：2026-02-17一、项目基本情况采购径流监测、泥沙监测、坡面侵蚀监测、雨量监测、数据传输设备，合同履行期限3个月，不接受联合体投标。二、资格要求满足政府采购法第二十二条规定。三、招标文件获取2026年01月28日至2026年02月04日线上免费下载。四、投标截止时间2026年02月17日09点00分。五、联系方式采购人：吉林省水利厅 联系人：殷工 电话：0431-81867044 采购代理机构：吉林省公共资源交易中心 联系人：卫工 电话：0431-89867937
招标公告	吉林省农业农村厅农产品质量安全检测设备采购	吉林省	2026-01-27	吉林省公共资源交易中心	http://www.ggzyzx.jl.gov.cn/info/2026/01/27/10048.html	[电子化]吉林省农业农村厅农产品质量安全检测设备采购招标公告项目编号：JLSZC20260016201预算金额：7600000元采购方式：公开招标开标日期：2026-02-16一、项目基本情况采购农药残留、兽药残留、重金属、微生物、添加剂快速检测设备，合同履行期限3个月，不接受联合体投标。二、资格要求满足政府采购法第二十二条规定。三、招标文件获取2026年01月27日至2026年02月03日线上免费下载。四、投标截止时间2026年02月16日09点00分。五、联系方式采购人：吉林省农业农村厅 联系人：霍工 电话：0431-81867045 采购代理机构：吉林省公共资源交易中心 联系人：戚工 电话：0431-89867938
招标公告	吉林省文化和旅游厅文物保护数字化采集设备采购	吉林省	2026-01-26	吉林省公共资源交易中心	http://www.ggzyzx.jl.gov.cn/info/2026/01/26/10049.html	[电子化]吉林省文化和旅游厅文物保护数字化采集设备采购招标公告项目编号：JLSZC20260016301预算金额：4800000元采购方式：公开招标开标日期：2026-02-15一、项目基本情况采购三维激光扫描仪、高清摄影测量、文物数字化采集、存储展示设备，合同履行期限4个月，不接受联合体投标。二、资格要求满足政府采购法第二十二条规定。三、招标文件获取2026年01月26日至2026年02月02日线上免费下载。四、投标截止时间2026年02月15日09点00分。五、联系方式采购人：吉林省文化和旅游厅 联系人：褚工 电话：0431-81867046 采购代理机构：吉林省公共资源交易中心 联系人：毕工 电话：0431-89867939
招标公告	吉林省体育局体育场馆智能化改造项目	吉林省	2026-01-25	吉林省公共资源交易中心	http://www.ggzyzx.jl.gov.cn/info/2026/01/25/10050.html	[电子化]吉林省体育局体育场馆智能化改造项目招标公告项目编号：JLSZC20260016401预算金额：6900000元采购方式：公开招标开标日期：2026-02-14一、项目基本情况建设场馆智能照明、空调自控、安防监控、票务管理、赛事直播、智慧运营系统，合同履行期限5个月，不接受联合体投标。二、资格要求满足政府采购法第二十二条规定。三、招标文件获取2026年01月25日至2026年02月01日线上免费下载。四、投标截止时间2026年02月14日09点00分。五、联系方式采购人：吉林省体育局 联系人：苏工 电话：0431-81867047 采购代理机构：吉林省公共资源交易中心 联系人：万工 电话：0431-89867940
招标公告	吉林省应急管理厅应急物资储备管理信息化平台	吉林省	2026-01-24	吉林省公共资源交易中心	http://www.ggzyzx.jl.gov.cn/info/2026/01/24/10051.html	[电子化]吉林省应急管理厅应急物资储备管理信息化平台招标公告项目编号：JLSZC20260016501预算金额：5700000元采购方式：公开招标开标日期：2026-02-13一、项目基本情况建设应急物资入库、存储、调拨、盘点、追踪、调度一体化管理平台，合同履行期限4个月，不接受联合体投标。二、资格要求满足政府采购法第二十二条规定。三、招标文件获取2026年01月24日至2026年01月31日线上免费下载。四、投标截止时间2026年02月13日09点00分。五、联系方式采购人：吉林省应急管理厅 联系人：戴工 电话：0431-81867048 采购代理机构：吉林省公共资源交易中心 联系人：管工 电话：0431-89867941
招标公告	吉林省民政厅殡葬服务设施智能化升级	吉林省	2026-01-23	吉林省公共资源交易中心	http://www.ggzyzx.jl.gov.cn/info/2026/01/23/10052.html	[电子化]吉林省民政厅殡葬服务设施智能化升级招标公告项目编号：JLSZC20260016601预算金额：4300000元采购方式：公开招标开标日期：2026-02-12一、项目基本情况建设殡葬服务预约、骨灰管理、祭扫服务、安防监控、业务结算一体化系统，合同履行期限3个月，不接受联合体投标。二、资格要求满足政府采购法第二十二条规定。三、招标文件获取2026年01月23日至2026年01月30日线上免费下载。四、投标截止时间2026年02月12日09点00分。五、联系方式采购人：吉林省民政厅 联系人：于工 电话：0431-81867049 采购代理机构：吉林省公共资源交易中心 联系人：汤工 电话：0431-89867942
招标公告	吉林省财政厅政府非税收入收缴管理系统升级	吉林省	2026-01-22	吉林省公共资源交易中心	http://www.ggzyzx.jl.gov.cn/info/2026/01/22/10053.html	[电子化]吉林省财政厅政府非税收入收缴管理系统升级招标公告项目编号：JLSZC20260016701预算金额：3900000元采购方式：公开招标开标日期：2026-02-11一、项目基本情况升级非税收入收缴、票据管理、资金清算、对账查询、数据统计系统，合同履行期限3个月，不接受联合体投标。二、资格要求满足政府采购法第二十二条规定。三、招标文件获取2026年01月22日至2026年01月29日线上免费下载。四、投标截止时间2026年02月11日09点00分。五、联系方式采购人：吉林省财政厅 联系人：董工 电话：0431-81867050 采购代理机构：吉林省公共资源交易中心 联系人：陆工 电话：0431-89867943
招标公告	吉林省自然资源厅土地利用动态监测系统建设	吉林省	2026-01-21	吉林省公共资源交易中心	http://www.ggzyzx.jl.gov.cn/info/2026/01/21/10054.html	[电子化]吉林省自然资源厅土地利用动态监测系统建设招标公告项目编号：JLSZC20260016801预算金额：8900000元采购方式：公开招标开标日期：2026-02-10一、项目基本情况建设土地利用现状监测、违法用地预警、批后监管、数据汇总分析一体化平台，合同履行期限5个月，不接受联合体投标。二、资格要求满足政府采购法第二十二条规定。三、招标文件获取2026年01月21日至2026年01月28日线上免费下载。四、投标截止时间2026年02月10日09点00分。五、联系方式采购人：吉林省自然资源厅 联系人：汪工 电话：0431-81867051 采购代理机构：吉林省公共资源交易中心 联系人：常工 电话：0431-89867944
招标公告	吉林省审计厅审计现场作业管理系统建设	吉林省	2026-01-20	吉林省公共资源交易中心	http://www.ggzyzx.jl.gov.cn/info/2026/01/20/10055.html	[电子化]吉林省审计厅审计现场作业管理系统建设招标公告项目编号：JLSZC20260016901预算金额：4600000元采购方式：公开招标开标日期：2026-02-09一、项目基本情况建设审计现场取证、流程管控、质量复核、成果归档、协同作业一体化系统，合同履行期限4个月，不接受联合体投标。二、资格要求满足政府采购法第二十二条规定。三、招标文件获取2026年01月20日至2026年01月27日线上免费下载。四、投标截止时间2026年02月09日09点00分。五、联系方式采购人：吉林省审计厅 联系人：钟工 电话：0431-81867052 采购代理机构：吉林省公共资源交易中心 联系人：裴工 电话：0431-89867945
招标公告	吉林省统计局社情民意调查大数据平台建设	吉林省	2026-01-19	吉林省公共资源交易中心	http://www.ggzyzx.jl.gov.cn/info/2026/01/19/10056.html	[电子化]吉林省统计局社情民意调查大数据平台建设招标公告项目编号：JLSZC20260017001预算金额：5300000元采购方式：公开招标开标日期：2026-02-08一、项目基本情况建设民意调查、数据采集、智能分析、报告生成、结果展示一体化平台，合同履行期限4个月，不接受联合体投标。二、资格要求满足政府采购法第二十二条规定。三、招标文件获取2026年01月19日至2026年01月26日线上免费下载。四、投标截止时间2026年02月08日09点00分。五、联系方式采购人：吉林省统计局 联系人：任工 电话：0431-81867053 采购代理机构：吉林省公共资源交易中心 联系人：邢工 电话：0431-89867946
招标公告	吉林省机关事务管理局节能监管平台建设项目	吉林省	2026-01-18	吉林省公共资源交易中心	http://www.ggzyzx.jl.gov.cn/info/2026/01/18/10057.html	[电子化]吉林省机关事务管理局节能监管平台建设项目招标公告项目编号：JLSZC20260017101预算金额：3500000元采购方式：公开招标开标日期：2026-02-07一、项目基本情况建设公共机构能耗监测、用水用电监控、节能分析、减排统计一体化平台，合同履行期限3个月，不接受联合体投标。二、资格要求满足政府采购法第二十二条规定。三、招标文件获取2026年01月18日至2026年01月25日线上免费下载。四、投标截止时间2026年02月07日09点00分。五、联系方式采购人：吉林省机关事务管理局 联系人：成工 电话：0431-81867054 采购代理机构：吉林省公共资源交易中心 联系人：孟工 电话：0431-89867947
招标公告	吉林省广播电视局应急广播体系建设设备采购	吉林省	2026-01-17	吉林省公共资源交易中心	http://www.ggzyzx.jl.gov.cn/info/2026/01/17/10058.html	[电子化]吉林省广播电视局应急广播体系建设设备采购招标公告项目编号：JLSZC20260017201预算金额：7800000元采购方式：公开招标开标日期：2026-02-06一、项目基本情况采购应急广播调度、传输覆盖、终端接收、信号检测、应急发布设备，合同履行期限4个月，不接受联合体投标。二、资格要求满足政府采购法第二十二条规定。三、招标文件获取2026年01月17日至2026年01月24日线上免费下载。四、投标截止时间2026年02月06日09点00分。五、联系方式采购人：吉林省广播电视局 联系人：韩工 电话：0431-81867055 采购代理机构：吉林省公共资源交易中心 联系人：季工 电话：0431-89867948
招标公告	吉林省宗教事务局宗教活动场所安全监管系统	吉林省	2026-01-16	吉林省公共资源交易中心	http://www.ggzyzx.jl.gov.cn/info/2026/01/16/10059.html	[电子化]吉林省宗教事务局宗教活动场所安全监管系统招标公告项目编号：JLSZC20260017301预算金额：3100000元采购方式：公开招标开标日期：2026-02-05一、项目基本情况建设场所安全监控、消防预警、人员管理、活动报备、应急处置一体化系统，合同履行期限3个月，不接受联合体投标。二、资格要求满足政府采购法第二十二条规定。三、招标文件获取2026年01月16日至2026年01月23日线上免费下载。四、投标截止时间2026年02月05日09点00分。五、联系方式采购人：吉林省宗教事务局 联系人：钱工 电话：0431-81867056 采购代理机构：吉林省公共资源交易中心 联系人：谢工 电话：0431-89867949
招标公告	吉林省保密局网络安全监测预警平台建设	吉林省	2026-01-15	吉林省公共资源交易中心	http://www.ggzyzx.jl.gov.cn/info/2026/01/15/10060.html	[电子化]吉林省保密局网络安全监测预警平台建设招标公告项目编号：JLSZC20260017401预算金额：9200000元采购方式：公开招标开标日期：2026-02-04一、项目基本情况建设网络攻击监测、数据泄露预警、安全态势感知、应急响应处置一体化平台，合同履行期限5个月，不接受联合体投标。二、资格要求具备涉密信息系统集成资质。三、招标文件获取2026年01月15日至2026年01月22日线上免费下载。四、投标截止时间2026年02月04日09点00分。五、联系方式采购人：吉林省保密局 联系人：吴工 电话：0431-81867057 采购代理机构：吉林省公共资源交易中心 联系人：卜工 电话：0431-89867950                                              招标公告	吉林省政务服务和数字化建设管理局一体化政务服务平台升级	吉林省	2026-02-03	吉林省公共资源交易中心	http://www.ggzyzx.jl.gov.cn/info/2026/02/03/10041.html	[电子化]吉林省政务服务和数字化建设管理局一体化政务服务平台升级招标公告项目编号：JLSZC20260015501预算金额：19200000元采购方式：公开招标开标日期：2026-02-23一、项目基本情况建设一网通办、跨省通办、数据共享、电子证照、智能审批一体化平台，合同履行期限8个月，不接受联合体投标。二、资格要求满足《中华人民共和国政府采购法》第二十二条规定。三、招标文件获取2026年02月03日至2026年02月10日线上免费下载。四、投标截止时间2026年02月23日09点00分。五、联系方式采购人：吉林省政务服务和数字化建设管理局 联系人：尹工 电话：0431-81867038 采购代理机构：吉林省公共资源交易中心 联系人：乔工 电话：0431-89867931
招标公告	吉林省司法厅公共法律服务智能化平台建设	吉林省	2026-02-02	吉林省公共资源交易中心	http://www.ggzyzx.jl.gov.cn/info/2026/02/02/10042.html	[电子化]吉林省司法厅公共法律服务智能化平台建设招标公告项目编号：JLSZC20260015601预算金额：6500000元采购方式：公开招标开标日期：2026-02-22一、项目基本情况建设法律援助、律师服务、公证服务、人民调解、法治宣传一体化智能平台，合同履行期限5个月，不接受联合体投标。二、资格要求满足政府采购法第二十二条规定。三、招标文件获取2026年02月02日至2026年02月09日线上免费下载。四、投标截止时间2026年02月22日09点00分。五、联系方式采购人：吉林省司法厅 联系人：邵工 电话：0431-81867039 采购代理机构：吉林省公共资源交易中心 联系人：赖工 电话：0431-89867932
招标公告	吉林省人力资源和社会保障厅社保经办服务智能化升级	吉林省	2026-02-01	吉林省公共资源交易中心	http://www.ggzyzx.jl.gov.cn/info/2026/02/01/10043.html	[电子化]吉林省人力资源和社会保障厅社保经办服务智能化升级招标公告项目编号：JLSZC20260015701预算金额：8700000元采购方式：公开招标开标日期：2026-02-21一、项目基本情况建设社保自助服务、智能审核、待遇核算、资格认证、线上经办一体化系统，合同履行期限5个月，不接受联合体投标。二、资格要求满足政府采购法第二十二条规定。三、招标文件获取2026年02月01日至2026年02月08日线上免费下载。四、投标截止时间2026年02月21日09点00分。五、联系方式采购人：吉林省人力资源和社会保障厅 联系人：范工 电话：0431-81867040 采购代理机构：吉林省公共资源交易中心 联系人：巩工 电话：0431-89867933
招标公告	吉林省教育厅职业教育实训基地设备集中采购	吉林省	2026-01-31	吉林省公共资源交易中心	http://www.ggzyzx.jl.gov.cn/info/2026/01/31/10044.html	[电子化]吉林省教育厅职业教育实训基地设备集中采购招标公告项目编号：JLSZC20260015801预算金额：23600000元采购方式：公开招标开标日期：2026-02-20一、项目基本情况采购智能制造、新能源汽车、护理、信息技术、现代服务业实训设备，合同履行期限6个月，不接受联合体投标。二、资格要求满足政府采购法第二十二条规定。三、招标文件获取2026年01月31日至2026年02月07日线上免费下载。四、投标截止时间2026年02月20日09点00分。五、联系方式采购人：吉林省教育厅 联系人：苗工 电话：0431-81867041 采购代理机构：吉林省公共资源交易中心 联系人：符工 电话：0431-89867934
招标公告	吉林省卫生健康委员会疾控机构实验室设备更新	吉林省	2026-01-30	吉林省公共资源交易中心	http://www.ggzyzx.jl.gov.cn/info/2026/01/30/10045.html	[电子化]吉林省卫生健康委员会疾控机构实验室设备更新招标公告项目编号：JLSZC20260015901预算金额：11400000元采购方式：公开招标开标日期：2026-02-19一、项目基本情况采购病原检测、生化分析、微生物鉴定、核酸检测、应急检验设备，合同履行期限4个月，不接受联合体投标。二、资格要求满足政府采购法第二十二条规定。三、招标文件获取2026年01月30日至2026年02月06日线上免费下载。四、投标截止时间2026年02月19日09点00分。五、联系方式采购人：吉林省卫生健康委员会 联系人：滕工 电话：0431-81867042 采购代理机构：吉林省公共资源交易中心 联系人：桂工 电话：0431-89867935
招标公告	吉林省生态环境厅水环境质量自动监测站建设	吉林省	2026-01-29	吉林省公共资源交易中心	http://www.ggzyzx.jl.gov.cn/info/2026/01/29/10046.html	[电子化]吉林省生态环境厅水环境质量自动监测站建设招标公告项目编号：JLSZC20260016001预算金额：9300000元采购方式：公开招标开标日期：2026-02-18一、项目基本情况建设地表水、饮用水水源地自动监测站，采购水质五参数、氨氮、总磷、总氮监测设备，合同履行期限5个月，不接受联合体投标。二、资格要求满足政府采购法第二十二条规定。三、招标文件获取2026年01月29日至2026年02月05日线上免费下载。四、投标截止时间2026年02月18日09点00分。五、联系方式采购人：吉林省生态环境厅 联系人：舒工 电话：0431-81867043 采购代理机构：吉林省公共资源交易中心 联系人：桂工 电话：0431-89867936                          招标公告	吉林省林业和草原局湿地生态监测系统建设	吉林省	2026-02-04	吉林省公共资源交易中心	http://www.ggzyzx.jl.gov.cn/info/2026/02/04/10078.html	[电子化]吉林省林业和草原局湿地生态监测系统建设招标公告项目编号：JLSZC20260019201预算金额：6400000元采购方式：公开招标开标日期：2026-02-24一、项目基本情况建设湿地水文、植被、鸟类、水质、生态环境一体化监测平台，合同履行期限5个月，不接受联合体投标。二、资格要求满足政府采购法第二十二条规定。三、招标文件获取2026年02月04日至2026年02月11日线上免费下载。四、投标截止时间2026年02月24日09点00分。五、联系方式采购人：吉林省林业和草原局 联系人：蔡工 电话：0431-81867075 采购代理机构：吉林省公共资源交易中心 联系人：苗工 电话：0431-89867967
招标公告	吉林省药品监督管理局检验检测设备更新采购	吉林省	2026-02-05	吉林省公共资源交易中心	http://www.ggzyzx.jl.gov.cn/info/2026/02/05/10079.html	[电子化]吉林省药品监督管理局检验检测设备更新采购招标公告项目编号：JLSZC20260019301预算金额：7200000元采购方式：公开招标开标日期：2026-02-25一、项目基本情况采购药品成分分析、微生物检验、重金属检测、快速筛查设备，合同履行期限4个月，不接受联合体投标。二、资格要求满足政府采购法第二十二条规定。三、招标文件获取2026年02月05日至2026年02月12日线上免费下载。四、投标截止时间2026年02月25日09点00分。五、联系方式采购人：吉林省药品监督管理局 联系人：林工 电话：0431-81867076 采购代理机构：吉林省公共资源交易中心 联系人：崔工 电话：0431-89867968
招标公告	吉林省知识产权局知识产权公共服务平台升级	吉林省	2026-02-06	吉林省公共资源交易中心	http://www.ggzyzx.jl.gov.cn/info/2026/02/06/10080.html	[电子化]吉林省知识产权局知识产权公共服务平台升级招标公告项目编号：JLSZC20260019401预算金额：3800000元采购方式：公开招标开标日期：2026-02-26一、项目基本情况建设专利检索、商标查询、维权援助、运营服务一体化系统，合同履行期限3个月，不接受联合体投标。二、资格要求满足政府采购法第二十二条规定。三、招标文件获取2026年02月06日至2026年02月13日线上免费下载。四、投标截止时间2026年02月26日09点00分。五、联系方式采购人：吉林省知识产权局 联系人：董工 电话：0431-81867077 采购代理机构：吉林省公共资源交易中心 联系人：孔工 电话：0431-89867969
招标公告	吉林省监狱管理局智慧监管安防系统改造	吉林省	2026-02-07	吉林省公共资源交易中心	http://www.ggzyzx.jl.gov.cn/info/2026/02/07/10081.html	[电子化]吉林省监狱管理局智慧监管安防系统改造招标公告项目编号：JLSZC20260019501预算金额：13600000元采购方式：公开招标开标日期：2026-02-27一、项目基本情况建设智能监控、周界防范、应急指挥、人员管控、风险预警一体化系统，合同履行期限6个月，不接受联合体投标。二、资格要求满足政府采购法第二十二条规定。三、招标文件获取2026年02月07日至2026年02月14日线上免费下载。四、投标截止时间2026年02月27日09点00分。五、联系方式采购人：吉林省监狱管理局 联系人：程工 电话：0431-81867078 采购代理机构：吉林省公共资源交易中心 联系人：邢工 电话：0431-89867970
招标公告	吉林省教育考试院标准化考点设备升级	吉林省	2026-02-08	吉林省公共资源交易中心	http://www.ggzyzx.jl.gov.cn/info/2026/02/08/10082.html	[电子化]吉林省教育考试院标准化考点设备升级招标公告项目编号：JLSZC20260019601预算金额：9400000元采购方式：公开招标开标日期：2026-02-28一、项目基本情况采购身份核验、视频监控、信号屏蔽、作弊防控、考务管理设备，合同履行期限4个月，不接受联合体投标。二、资格要求满足政府采购法第二十二条规定。三、招标文件获取2026年02月08日至2026年02月15日线上免费下载。四、投标截止时间2026年02月28日09点00分。五、联系方式采购人：吉林省教育考试院 联系人：贾工 电话：0431-81867079 采购代理机构：吉林省公共资源交易中心 联系人：韩工 电话：0431-89867971
招标公告	吉林省卫生健康统计信息中心健康医疗大数据平台	吉林省	2026-02-09	吉林省公共资源交易中心	http://www.ggzyzx.jl.gov.cn/info/2026/02/09/10083.html	[电子化]吉林省卫生健康统计信息中心健康医疗大数据平台招标公告项目编号：JLSZC20260019701预算金额：15800000元采购方式：公开招标开标日期：2026-03-01一、项目基本情况建设医疗数据汇聚、共享、分析、应用、安全管控一体化平台，合同履行期限7个月，不接受联合体投标。二、资格要求满足政府采购法第二十二条规定。三、招标文件获取2026年02月09日至2026年02月16日线上免费下载。四、投标截止时间2026年03月01日09点00分。五、联系方式采购人：吉林省卫生健康统计信息中心 联系人：唐工 电话：0431-81867080 采购代理机构：吉林省公共资源交易中心 联系人：谢工 电话：0431-89867972
招标公告	吉林省公路管理局国省干线智慧监测系统	吉林省	2026-02-10	吉林省公共资源交易中心	http://www.ggzyzx.jl.gov.cn/info/2026/02/10/10084.html	[电子化]吉林省公路管理局国省干线智慧监测系统招标公告项目编号：JLSZC20260019801预算金额：8700000元采购方式：公开招标开标日期：2026-03-02一、项目基本情况建设路况监测、病害预警、交通流量、养护管理一体化平台，合同履行期限5个月，不接受联合体投标。二、资格要求满足政府采购法第二十二条规定。三、招标文件获取2026年02月10日至2026年02月17日线上免费下载。四、投标截止时间2026年03月02日09点00分。五、联系方式采购人：吉林省公路管理局 联系人：史工 电话：0431-81867081 采购代理机构：吉林省公共资源交易中心 联系人：卜工 电话：0431-89867973
招标公告	吉林省河道管理局河道采砂智能监管系统	吉林省	2026-02-11	吉林省公共资源交易中心	http://www.ggzyzx.jl.gov.cn/info/2026/02/11/10085.html	[电子化]吉林省河道管理局河道采砂智能监管系统招标公告项目编号：JLSZC20260019901预算金额：5300000元采购方式：公开招标开标日期：2026-03-03一、项目基本情况建设采砂监控、视频巡查、定位追踪、数据统计一体化系统，合同履行期限4个月，不接受联合体投标。二、资格要求满足政府采购法第二十二条规定。三、招标文件获取2026年02月11日至2026年02月18日线上免费下载。四、投标截止时间2026年03月03日09点00分。五、联系方式采购人：吉林省河道管理局 联系人：马工 电话：0431-81867082 采购代理机构：吉林省公共资源交易中心 联系人：翟工 电话：0431-89867974
招标公告	吉林省畜牧总站畜禽疫病监测检测设备采购	吉林省	2026-02-12	吉林省公共资源交易中心	http://www.ggzyzx.jl.gov.cn/info/2026/02/12/10086.html	[电子化]吉林省畜牧总站畜禽疫病监测检测设备采购招标公告项目编号：JLSZC20260020001预算金额：6900000元采购方式：公开招标开标日期：2026-03-04一、项目基本情况采购病原检测、血清学检测、核酸检测、样品保存设备，合同履行期限3个月，不接受联合体投标。二、资格要求满足政府采购法第二十二条规定。三、招标文件获取2026年02月12日至2026年02月19日线上免费下载。四、投标截止时间2026年03月04日09点00分。五、联系方式采购人：吉林省畜牧总站 联系人：方工 电话：0431-81867083 采购代理机构：吉林省公共资源交易中心 联系人：谭工 电话：0431-89867975
招标公告	吉林省文化馆公共文化服务数字化平台	吉林省	2026-02-13	吉林省公共资源交易中心	http://www.ggzyzx.jl.gov.cn/info/2026/02/13/10087.html	[电子化]吉林省文化馆公共文化服务数字化平台招标公告项目编号：JLSZC20260020101预算金额：4600000元采购方式：公开招标开标日期：2026-03-05一、项目基本情况建设数字文化资源、线上活动、预约服务、互动体验一体化平台，合同履行期限4个月，不接受联合体投标。二、资格要求满足政府采购法第二十二条规定。三、招标文件获取2026年02月13日至2026年02月20日线上免费下载。四、投标截止时间2026年03月05日09点00分。五、联系方式采购人：吉林省文化馆 联系人：喻工 电话：0431-81867084 采购代理机构：吉林省公共资源交易中心 联系人：向工 电话：0431-89867976
招标公告	吉林省体育彩票管理中心销售系统智能化升级	吉林省	2026-02-14	吉林省公共资源交易中心	http://www.ggzyzx.jl.gov.cn/info/2026/02/14/10088.html	[电子化]吉林省体育彩票管理中心销售系统智能化升级招标公告项目编号：JLSZC20260020201预算金额：3900000元采购方式：公开招标开标日期：2026-03-06一、项目基本情况升级销售终端、数据管理、风险防控、运营分析一体化系统，合同履行期限3个月，不接受联合体投标。二、资格要求满足政府采购法第二十二条规定。三、招标文件获取2026年02月14日至2026年02月21日线上免费下载。四、投标截止时间2026年03月06日09点00分。五、联系方式采购人：吉林省体育彩票管理中心 联系人：叶工 电话：0431-81867085 采购代理机构：吉林省公共资源交易中心 联系人：乔工 电话：0431-89867977
招标公告	吉林省救灾物资储备库物资管理信息化系统	吉林省	2026-02-15	吉林省公共资源交易中心	http://www.ggzyzx.jl.gov.cn/info/2026/02/15/10089.html	[电子化]吉林省救灾物资储备库物资管理信息化系统招标公告项目编号：JLSZC20260020301预算金额：4700000元采购方式：公开招标开标日期：2026-03-07一、项目基本情况建设物资入库、存储、调拨、盘点、追溯一体化管理系统，合同履行期限4个月，不接受联合体投标。二、资格要求满足政府采购法第二十二条规定。三、招标文件获取2026年02月15日至2026年02月22日线上免费下载。四、投标截止时间2026年03月07日09点00分。五、联系方式采购人：吉林省救灾物资储备库 联系人：韦工 电话：0431-81867086 采购代理机构：吉林省公共资源交易中心 联系人：赖工 电话：0431-89867978
招标公告	吉林省未成年人保护中心服务管理信息化平台	吉林省	2026-02-16	吉林省公共资源交易中心	http://www.ggzyzx.jl.gov.cn/info/2026/02/16/10090.html	[电子化]吉林省未成年人保护中心服务管理信息化平台招标公告项目编号：JLSZC20260020401预算金额：3500000元采购方式：公开招标开标日期：2026-03-08一、项目基本情况建设信息管理、救助保护、关爱服务、监护评估一体化系统，合同履行期限3个月，不接受联合体投标。二、资格要求满足政府采购法第二十二条规定。三、招标文件获取2026年02月16日至2026年02月23日线上免费下载。四、投标截止时间2026年03月08日09点00分。五、联系方式采购人：吉林省未成年人保护中心 联系人：鲁工 电话：0431-81867087 采购代理机构：吉林省公共资源交易中心 联系人：巩工 电话：0431-89867979
招标公告	吉林省政府采购中心电子卖场监管系统升级	吉林省	2026-02-17	吉林省公共资源交易中心	http://www.ggzyzx.jl.gov.cn/info/2026/02/17/10091.html	[电子化]吉林省政府采购中心电子卖场监管系统升级招标公告项目编号：JLSZC20260020501预算金额：4200000元采购方式：公开招标开标日期：2026-03-09一、项目基本情况升级交易监管、价格监测、信用评价、数据分析一体化系统，合同履行期限3个月，不接受联合体投标。二、资格要求满足政府采购法第二十二条规定。三、招标文件获取2026年02月17日至2026年02月24日线上免费下载。四、投标截止时间2026年03月09日09点00分。五、联系方式采购人：吉林省政府采购中心 联系人：葛工 电话：0431-81867088 采购代理机构：吉林省公共资源交易中心 联系人：符工 电话：0431-89867980
招标公告	吉林省不动产登记中心登记系统智能化升级	吉林省	2026-02-18	吉林省公共资源交易中心	http://www.ggzyzx.jl.gov.cn/info/2026/02/18/10092.html	[电子化]吉林省不动产登记中心登记系统智能化升级招标公告项目编号：JLSZC20260020601预算金额：8600000元采购方式：公开招标开标日期：2026-03-10一、项目基本情况建设智能受理、自动审核、在线缴费、电子证照一体化系统，合同履行期限5个月，不接受联合体投标。二、资格要求满足政府采购法第二十二条规定。三、招标文件获取2026年02月18日至2026年02月25日线上免费下载。四、投标截止时间2026年03月10日09点00分。五、联系方式采购人：吉林省不动产登记中心 联系人：蒋工 电话：0431-81867089 采购代理机构：吉林省公共资源交易中心 联系人：桂工 电话：0431-89867981
招标公告	吉林省经济责任审计中心审计数据分析平台	吉林省	2026-02-19	吉林省公共资源交易中心	http://www.ggzyzx.jl.gov.cn/info/2026/02/19/10093.html	[电子化]吉林省经济责任审计中心审计数据分析平台招标公告项目编号：JLSZC20260020701预算金额：5900000元采购方式：公开招标开标日期：2026-03-11一、项目基本情况建设数据采集、智能分析、疑点核查、成果管理一体化平台，合同履行期限4个月，不接受联合体投标。二、资格要求满足政府采购法第二十二条规定。三、招标文件获取2026年02月19日至2026年02月26日线上免费下载。四、投标截止时间2026年03月11日09点00分。五、联系方式采购人：吉林省经济责任审计中心 联系人：范工 电话：0431-81867090 采购代理机构：吉林省公共资源交易中心 联系人：卫工 电话：0431-89867982
招标公告	吉林省社情民意调查中心调查采集终端设备采购	吉林省	2026-02-20	吉林省公共资源交易中心	http://www.ggzyzx.jl.gov.cn/info/2026/02/20/10094.html	[电子化]吉林省社情民意调查中心调查采集终端设备采购招标公告项目编号：JLSZC20260020801预算金额：3200000元采购方式：公开招标开标日期：2026-03-12一、项目基本情况采购民意调查、数据采集、语音录入、结果上传智能终端设备，合同履行期限2个月，不接受联合体投标。二、资格要求满足政府采购法第二十二条规定。三、招标文件获取2026年02月20日至2026年02月27日线上免费下载。四、投标截止时间2026年03月12日09点00分。五、联系方式采购人：吉林省社情民意调查中心 联系人：莫工 电话：0431-81867091 采购代理机构：吉林省公共资源交易中心 联系人：戚工 电话：0431-89867983
招标公告	吉林省公共机构节能管理中心节能改造设备采购	吉林省	2026-02-21	吉林省公共资源交易中心	http://www.ggzyzx.jl.gov.cn/info/2026/02/21/10095.html	[电子化]吉林省公共机构节能管理中心节能改造设备采购招标公告项目编号：JLSZC20260020901预算金额：5700000元采购方式：公开招标开标日期：2026-03-13一、项目基本情况采购照明改造、空调节能、用水管控、能耗监测设备，合同履行期限3个月，不接受联合体投标。二、资格要求满足政府采购法第二十二条规定。三、招标文件获取2026年02月21日至2026年02月28日线上免费下载。四、投标截止时间2026年03月13日09点00分。五、联系方式采购人：吉林省公共机构节能管理中心 联系人：景工 电话：0431-81867092 采购代理机构：吉林省公共资源交易中心 联系人：毕工 电话：0431-89867984
招标公告	吉林省融媒体发展中心媒体融合技术平台建设	吉林省	2026-02-22	吉林省公共资源交易中心	http://www.ggzyzx.jl.gov.cn/info/2026/02/22/10096.html	[电子化]吉林省融媒体发展中心媒体融合技术平台建设招标公告项目编号：JLSZC20260021001预算金额：11800000元采购方式：公开招标开标日期：2026-03-14一、项目基本情况建设内容生产、分发传播、数据分析、舆情监测一体化平台，合同履行期限6个月，不接受联合体投标。二、资格要求满足政府采购法第二十二条规定。三、招标文件获取2026年02月22日至2026年03月01日线上免费下载。四、投标截止时间2026年03月14日09点00分。五、联系方式采购人：吉林省融媒体发展中心 联系人：崔工 电话：0431-81867093 采购代理机构：吉林省公共资源交易中心 联系人：万工 电话：0431-89867985
招标公告	吉林省民族宗教研究中心民族文化数字化保护平台	吉林省	2026-02-23	吉林省公共资源交易中心	http://www.ggzyzx.jl.gov.cn/info/2026/02/23/10097.html	[电子化]吉林省民族宗教研究中心民族文化数字化保护平台招标公告项目编号：JLSZC20260021101预算金额：4100000元采购方式：公开招标开标日期：2026-03-15一、项目基本情况建设文化资源采集、存储、展示、传承、保护一体化平台，合同履行期限4个月，不接受联合体投标。二、资格要求满足政府采购法第二十二条规定。三、招标文件获取2026年02月23日至2026年03月02日线上免费下载。四、投标截止时间2026年03月15日09点00分。五、联系方式采购人：吉林省民族宗教研究中心 联系人：严工 电话：0431-81867094 采购代理机构：吉林省公共资源交易中心 联系人：管工 电话：0431-89867986                                      公开招标公告	吉林省政务服务和数字化建设管理局一体化政务服务平台升级	吉林省	2026-02-04	吉林省公共资源交易中心	http://www.ggzyzx.jl.gov.cn/info/2026/02/04/10078.html	[电子化]一体化政务服务平台升级公开招标公告项目编号：JLSZC20260019201预算1920万元，公开招标，2026-02-24开标
公开招标公告	吉林省林业和草原局湿地生态监测系统建设项目公开招标公告	吉林省	2026-02-04	吉林省公共资源交易中心	http://www.ggzyzx.jl.gov.cn/info/2026/02/04/10098.html	[电子化]吉林省林业和草原局湿地生态监测系统建设项目公开招标公告项目编号：JLSZC20260021201预算金额：6400000元采购方式：公开招标开标日期：2026-02-24 09:00项目概况：湿地水文、植被、鸟类、水质、生态环境一体化监测平台建设，含设备采购、安装、调试、运维。本项目不接受联合体投标。获取招标文件：2026-02-04至2026-02-11登录吉林省公共资源交易网免费下载。联系方式：采购人：吉林省林业和草原局 联系人：蔡工 电话：0431-81867075 采购代理机构：吉林省公共资源交易中心 联系人：苗工 电话：0431-89867967
资格预审公告	吉林省药品监督管理局检验检测设备更新项目资格预审公告	吉林省	2026-02-05	吉林省公共资源交易中心	http://www.ggzyzx.jl.gov.cn/info/2026/02/05/10099.html	[电子化]吉林省药品监督管理局检验检测设备更新项目资格预审公告项目编号：JLSZC20260021301预算金额：7200000元采购方式：公开招标资格预审方式：合格制资格预审申请文件递交截止时间：2026-02-12 16:00项目概况：采购药品成分分析、微生物检验、重金属检测、快速筛查等设备。资格要求：具备独立法人资格，具有医疗器械经营相关资质。联系方式：采购人：吉林省药品监督管理局 联系人：林工 电话：0431-81867076 代理机构：吉林省公共资源交易中心 联系人：崔工 电话：0431-89867968
邀请招标公告	吉林省知识产权局知识产权公共服务平台升级项目邀请招标公告	吉林省	2026-02-06	吉林省公共资源交易中心	http://www.ggzyzx.jl.gov.cn/info/2026/02/06/10100.html	[电子化]吉林省知识产权局知识产权公共服务平台升级项目邀请招标公告项目编号：JLSZC20260021401预算金额：3800000元采购方式：邀请招标投标截止时间：2026-02-26 09:00项目概况：专利检索、商标查询、维权援助、运营服务一体化系统升级。受邀单位：3家符合条件供应商已收到投标邀请书，不接受未受邀单位投标。联系方式：采购人：吉林省知识产权局 联系人：董工 电话：0431-81867077 代理机构：吉林省公共资源交易中心 联系人：孔工 电话：0431-89867969
竞争性谈判公告	吉林省监狱管理局智慧监管安防系统改造项目竞争性谈判公告	吉林省	2026-02-07	吉林省公共资源交易中心	http://www.ggzyzx.jl.gov.cn/info/2026/02/07/10101.html	[电子化]吉林省监狱管理局智慧监管安防系统改造项目竞争性谈判公告项目编号：JLSZC20260021501预算金额：13600000元采购方式：竞争性谈判响应文件递交截止：2026-02-27 09:00项目概况：智能监控、周界防范、应急指挥、人员管控、风险预警一体化系统建设。本项目接受联合体投标。获取采购文件：2026-02-07至2026-02-14。联系方式：采购人：吉林省监狱管理局 联系人：程工 电话：0431-81867078 代理机构：吉林省公共资源交易中心 联系人：邢工 电话：0431-89867970
竞争性磋商公告	吉林省教育考试院标准化考点设备升级项目竞争性磋商公告	吉林省	2026-02-08	吉林省公共资源交易中心	http://www.ggzyzx.jl.gov.cn/info/2026/02/08/10102.html	[电子化]吉林省教育考试院标准化考点设备升级项目竞争性磋商公告项目编号：JLSZC20260021601预算金额：9400000元采购方式：竞争性磋商磋商时间：2026-02-28 09:00项目概况：身份核验、视频监控、信号屏蔽、作弊防控、考务管理设备采购安装。评分方法：综合评分法。联系方式：采购人：吉林省教育考试院 联系人：贾工 电话：0431-81867079 代理机构：吉林省公共资源交易中心 联系人：韩工 电话：0431-89867971
询价公告	吉林省卫生健康统计信息中心健康医疗大数据平台设备采购询价公告	吉林省	2026-02-09	吉林省公共资源交易中心	http://www.ggzyzx.jl.gov.cn/info/2026/02/09/10103.html	[电子化]吉林省卫生健康统计信息中心健康医疗大数据平台设备采购询价公告项目编号：JLSZC20260021701预算金额：15800000元采购方式：询价报价截止时间：2026-03-01 10:00项目概况：服务器、存储、交换机、安全设备等标准产品采购。成交原则：符合需求且最低价成交。联系方式：采购人：吉林省卫生健康统计信息中心 联系人：唐工 电话：0431-81867080 代理机构：吉林省公共资源交易中心 联系人：谢工 电话：0431-89867972
采购意向公告	吉林省公路管理局国省干线智慧监测系统采购意向公开	吉林省	2026-02-10	吉林省公共资源交易中心	http://www.ggzyzx.jl.gov.cn/info/2026/02/10/10104.html	[电子化]吉林省公路管理局国省干线智慧监测系统采购意向公开项目编号：JLSZC20260021801预算金额：8700000元预计采购时间：2026年3月项目概况：路况监测、病害预警、交通流量、养护管理一体化平台建设。本次公开仅为意向公示，具体采购安排以正式公告为准。联系方式：采购人：吉林省公路管理局 联系人：史工 电话：0431-81867081
采购文件需求公告	吉林省河道管理局河道采砂智能监管系统采购文件需求公示	吉林省	2026-02-11	吉林省公共资源交易中心	http://www.ggzyzx.jl.gov.cn/info/2026/02/11/10105.html	[电子化]吉林省河道管理局河道采砂智能监管系统采购文件需求公示项目编号：JLSZC20260021901预算金额：5300000元公示期限：2026-02-11至2026-02-18项目概况：采砂监控、视频巡查、定位追踪、数据统计一体化系统。征求意见：各供应商可对采购需求、技术参数提出意见反馈，逾期不予受理。联系方式：采购人：吉林省河道管理局 联系人：马工 电话：0431-81867082
更正公告	吉林省畜牧总站畜禽疫病监测检测设备采购项目更正公告	吉林省	2026-02-12	吉林省公共资源交易中心	http://www.ggzyzx.jl.gov.cn/info/2026/02/12/10106.html	[电子化]吉林省畜牧总站畜禽疫病监测检测设备采购项目更正公告项目编号：JLSZC20260022001原公告信息：开标时间2026-02-15 09:00更正信息：开标时间变更为2026-03-04 09:00，招标文件获取时间顺延。其他内容不变，特此更正。联系方式：采购人：吉林省畜牧总站 联系人：方工 电话：0431-81867083 代理机构：吉林省公共资源交易中心 联系人：翟工 电话：0431-89867974
中标（成交）结果公告	吉林省文化馆公共文化服务数字化平台中标结果公告	吉林省	2026-02-13	吉林省公共资源交易中心	http://www.ggzyzx.jl.gov.cn/info/2026/02/13/10107.html	[电子化]吉林省文化馆公共文化服务数字化平台中标结果公告项目编号：JLSZC20260022101中标单位：吉林省数字文化科技有限公司中标金额：4580000元服务期：1年项目概况：数字文化资源、线上活动、预约服务、互动体验一体化平台。公示期：2026-02-13至2026-02-16。联系方式：采购人：吉林省文化馆 联系人：喻工 电话：0431-81867084
废标公告	吉林省体育彩票管理中心销售系统智能化升级项目废标公告	吉林省	2026-02-14	吉林省公共资源交易中心	http://www.ggzyzx.jl.gov.cn/info/2026/02/14/10108.html	[电子化]吉林省体育彩票管理中心销售系统智能化升级项目废标公告项目编号：JLSZC20260022201废标原因：有效投标供应商不足3家，不具备法定开标条件。根据政府采购法相关规定，本项目作废标处理，将择期重新组织采购。联系方式：采购人：吉林省体育彩票管理中心 联系人：叶工 电话：0431-81867085 代理机构：吉林省公共资源交易中心 联系人：乔工 电话：0431-89867977
终止公告	吉林省救灾物资储备库物资管理信息化系统项目终止公告	吉林省	2026-02-15	吉林省公共资源交易中心	http://www.ggzyzx.jl.gov.cn/info/2026/02/15/10109.html	[电子化]吉林省救灾物资储备库物资管理信息化系统项目终止公告项目编号：JLSZC20260022301终止原因：因上级财政预算调整，本项目采购计划取消，现终止采购活动。已报名供应商无需递交响应文件，已递交费用全额退还。联系方式：采购人：吉林省救灾物资储备库 联系人：韦工 电话：0431-81867086 代理机构：吉林省公共资源交易中心 联系人：赖工 电话：0431-89867978
采购结果变更公告	吉林省未成年人保护中心服务管理信息化平台采购结果变更公告	吉林省	2026-02-16	吉林省公共资源交易中心	http://www.ggzyzx.jl.gov.cn/info/2026/02/16/10110.html	[电子化]吉林省未成年人保护中心服务管理信息化平台采购结果变更公告项目编号：JLSZC20260022401原中标单位：因自身原因放弃中标资格变更内容：顺延确定第二中标候选人吉林省信息产业有限公司为中标单位，中标金额348万元。其他事项不变。联系方式：采购人：吉林省未成年人保护中心 联系人：鲁工 电话：0431-81867087
合同公告	吉林省政府采购中心电子卖场监管系统升级项目合同公告	吉林省	2026-02-17	吉林省公共资源交易中心	http://www.ggzyzx.jl.gov.cn/info/2026/02/17/10111.html	[电子化]吉林省政府采购中心电子卖场监管系统升级项目合同公告项目编号：JLSZC20260022501合同金额：4190000元供应商名称：吉林省智慧政务科技有限公司合同签订日期：2026-02-10合同履行期限：6个月合同内容：交易监管、价格监测、信用评价、数据分析一体化系统升级。联系方式：采购人：吉林省政府采购中心 联系人：葛工 电话：0431-81867088
合同变更公告	吉林省不动产登记中心登记系统智能化升级项目合同变更公告	吉林省	2026-02-18	吉林省公共资源交易中心	http://www.ggzyzx.jl.gov.cn/info/2026/02/18/10112.html	[电子化]吉林省不动产登记中心登记系统智能化升级项目合同变更公告项目编号：JLSZC20260022601变更原因：根据实际业务需求，增加电子证照共享接口开发。变更内容：合同金额由858万元调整为863万元，履行期限延长15天。其他条款不变。联系方式：采购人：吉林省不动产登记中心 联系人：蒋工 电话：0431-81867089
履约验收公告	吉林省经济责任审计中心审计数据分析平台履约验收公告	吉林省	2026-02-19	吉林省公共资源交易中心	http://www.ggzyzx.jl.gov.cn/info/2026/02/19/10113.html	[电子化]吉林省经济责任审计中心审计数据分析平台履约验收公告项目编号：JLSZC20260022701供应商：吉林省大数据科技有限公司验收日期：2026-02-18验收结果：合格，符合采购需求及合同约定，同意通过验收，准予交付使用。联系方式：采购人：吉林省经济责任审计中心 联系人：范工 电话：0431-81867090
其它公告	吉林省社情民意调查中心调查采集终端设备采购供应商入库公告	吉林省	2026-02-20	吉林省公共资源交易中心	http://www.ggzyzx.jl.gov.cn/info/2026/02/20/10114.html	[电子化]吉林省社情民意调查中心调查采集终端设备采购供应商入库公告为规范采购管理，现公开征集合格供应商入库。入库条件：具备独立法人资格，具有相关设备销售及服务能力。入库有效期：1年。申请时间：2026-02-20至2026-02-27。联系方式：采购人：吉林省社情民意调查中心 联系人：莫工 电话：0431-81867091
中标（成交）结果公告	吉林省公共机构节能管理中心节能改造设备采购成交公告	吉林省	2026-02-21	吉林省公共资源交易中心	http://www.ggzyzx.jl.gov.cn/info/2026/02/21/10115.html	[电子化]吉林省公共机构节能管理中心节能改造设备采购成交公告项目编号：JLSZC20260022801成交单位：吉林省节能科技有限公司成交金额：5680000元交付期：合同签订后45天。项目概况：照明改造、空调节能、用水管控、能耗监测设备。联系方式：采购人：吉林省公共机构节能管理中心 联系人：景工 电话：0431-81867092
公开招标公告	吉林省融媒体发展中心媒体融合技术平台建设项目公开招标公告	吉林省	2026-02-22	吉林省公共资源交易中心	http://www.ggzyzx.jl.gov.cn/info/2026/02/22/10116.html	[电子化]吉林省融媒体发展中心媒体融合技术平台建设项目公开招标公告项目编号：JLSZC20260022901预算金额：11800000元开标时间：2026-03-14 09:00项目概况：内容生产、分发传播、数据分析、舆情监测一体化平台。获取招标文件：2026-02-22至2026-03-01。联系方式：采购人：吉林省融媒体发展中心 联系人：崔工 电话：0431-81867093 代理机构：吉林省公共资源交易中心 联系人：万工 电话：0431-89867985
采购意向公告	吉林省民族宗教研究中心民族文化数字化保护平台采购意向公开	吉林省	2026-02-23	吉林省公共资源交易中心	http://www.ggzyzx.jl.gov.cn/info/2026/02/23/10117.html	[电子化]吉林省民族宗教研究中心民族文化数字化保护平台采购意向公开项目编号：JLSZC20260023001预算金额：4100000元预计采购时间：2026年3月项目概况：文化资源采集、存储、展示、传承、保护一体化平台。本意向仅为预告，具体以正式公告为准。联系方式：采购人：吉林省民族宗教研究中心 联系人：严工 电话：0431-81867094                       公开招标公告	吉林省政务服务和数字化建设管理局一体化政务服务平台升级	吉林省	2026-02-04	吉林省公共资源交易中心	http://www.ggzyzx.jl.gov.cn/info/2026/02/04/10078.html	[电子化]一体化政务服务平台升级公开招标公告项目编号：JLSZC20260019201预算金额：19200000元采购方式：公开招标开标时间：2026-02-24 09:00项目概况：本项目对一体化政务服务平台进行全面升级改造，包含系统重构、接口开发、数据互通、安全加固、运行维护等内容，项目完成后实现政务服务事项一网通办、跨省通办、秒批秒办功能提升。本项目不接受联合体投标。获取招标文件时间：2026年02月04日至2026年02月11日，投标人可登录吉林省公共资源交易网免费下载电子版招标文件。采购人：吉林省政务服务和数字化建设管理局，采购代理机构：吉林省公共资源交易中心
资格预审公告	吉林省司法厅公共法律服务智能化平台建设	吉林省	2026-02-05	吉林省公共资源交易中心	http://www.ggzyzx.jl.gov.cn/info/2026/02/05/10079.html	[电子化]公共法律服务智能化平台建设项目资格预审公告项目编号：JLSZC20260019301采购方式：公开招标资格审查方式：资格预审本项目采用资格预审方式确定合格投标人，只有通过资格预审的供应商方可参与后续投标活动。资格预审申请文件递交截止时间：2026年02月12日16:00。资格预审文件获取时间：2026年02月05日至2026年02月12日，逾期不予受理。采购人：吉林省司法厅，采购代理机构：吉林省公共资源交易中心
邀请招标公告	吉林省人社厅社保经办服务智能化升级	吉林省	2026-02-06	吉林省公共资源交易中心	http://www.ggzyzx.jl.gov.cn/info/2026/02/06/10080.html	[电子化]社保经办服务智能化升级项目邀请招标公告项目编号：JLSZC20260019401采购方式：邀请招标本项目已按照法定程序向3家符合资格条件的供应商发出投标邀请书，未受邀单位无资格参与本项目投标。投标文件递交截止时间及开标时间：2026年02月26日09:00。邀请招标文件获取时间：2026年02月06日至2026年02月13日。采购人：吉林省人力资源和社会保障厅，采购代理机构：吉林省公共资源交易中心
竞争性谈判公告	吉林省教育厅职业教育实训基地设备采购	吉林省	2026-02-07	吉林省公共资源交易中心	http://www.ggzyzx.jl.gov.cn/info/2026/02/07/10081.html	[电子化]职业教育实训基地设备采购项目竞争性谈判公告项目编号：JLSZC20260019501预算金额：23600000元采购方式：竞争性谈判本项目面向符合资格条件的供应商开展竞争性谈判活动，欢迎具备相应资质、供货能力及服务能力的供应商提交响应文件。响应文件递交截止时间：2026年02月27日09:00。谈判文件获取时间：2026年02月07日至2026年02月14日。本项目接受具备相应资质的联合体投标。采购人：吉林省教育厅，采购代理机构：吉林省公共资源交易中心
竞争性磋商公告	吉林省卫健委疾控机构实验室设备更新	吉林省	2026-02-08	吉林省公共资源交易中心	http://www.ggzyzx.jl.gov.cn/info/2026/02/08/10082.html	[电子化]疾控机构实验室设备更新项目竞争性磋商公告项目编号：JLSZC20260019601采购方式：竞争性磋商本项目采用综合评分法进行评审，欢迎符合资格条件的供应商参与磋商活动。磋商文件获取时间：2026年02月08日至2026年02月15日。响应文件递交截止及磋商时间：2026年02月28日09:00。供应商须具备实验室设备销售及安装调试相关服务能力，本项目不接受联合体投标。采购人：吉林省卫生健康委员会，采购代理机构：吉林省公共资源交易中心
询价公告	吉林省生态环境厅水环境监测站设备采购	吉林省	2026-02-09	吉林省公共资源交易中心	http://www.ggzyzx.jl.gov.cn/info/2026/02/09/10083.html	[电子化]水环境监测站设备采购项目询价公告项目编号：JLSZC20260019701采购方式：询价本项目为标准定型货物采购，采用最低价中标的评审原则。报价截止时间：2026年03月01日10:00。询价文件获取时间：2026年02月09日至2026年02月16日。供应商须具备独立法人资格，具备水环境监测设备销售及售后服务能力，本项目不接受联合体报价。采购人：吉林省生态环境厅，采购代理机构：吉林省公共资源交易中心
采购意向公告	吉林省水利厅水土保持监测设备采购	吉林省	2026-02-10	吉林省公共资源交易中心	http://www.ggzyzx.jl.gov.cn/info/2026/02/10/10084.html	[电子化]水土保持监测设备采购项目采购意向公开项目编号：JLSZC20260019801预算金额：5200000元预计采购时间：2026年3月项目概况：本项目计划采购水土保持监测相关设备，包含径流监测、泥沙监测、坡面侵蚀监测、雨量监测及数据传输设备等。本次公开仅为政府采购意向公示，不代表最终采购公告，具体采购时间、采购内容及采购方式以正式发布的采购公告为准。采购人：吉林省水利厅
采购文件需求公告	吉林省农业农村厅农产品检测设备采购	吉林省	2026-02-11	吉林省公共资源交易中心	http://www.ggzyzx.jl.gov.cn/info/2026/02/11/10085.html	[电子化]农产品检测设备采购项目采购文件需求公示项目编号：JLSZC20260019901预算金额：7600000元公示期限：2026年02月11日至2026年02月18日项目概况：本项目拟采购农产品质量安全检测设备，用于农药残留、兽药残留、重金属、微生物等指标快速检测。为确保采购需求公平、公正、公开，现向社会公开征求意见，各供应商及相关单位可在公示期内提交书面意见，逾期不予受理。采购人：吉林省农业农村厅
更正公告	吉林省文旅厅文物数字化采集设备采购	吉林省	2026-02-12	吉林省公共资源交易中心	http://www.ggzyzx.jl.gov.cn/info/2026/02/12/10086.html	[电子化]文物数字化采集设备采购项目更正公告项目编号：JLSZC20260020001本公告对原发布的公开招标公告内容进行更正，原公告中开标时间：2026年02月15日09:00，现更正为：2026年02月20日09:00。招标文件获取时间相应顺延，项目采购内容、技术参数、资格条件及其他事项均保持不变，特此公告。请各投标人自行关注并下载最新招标文件。采购人：吉林省文化和旅游厅，采购代理机构：吉林省公共资源交易中心
中标（成交）结果公告	吉林省体育局体育场馆智能化改造	吉林省	2026-02-13	吉林省公共资源交易中心	http://www.ggzyzx.jl.gov.cn/info/2026/02/13/10087.html	[电子化]体育场馆智能化改造项目中标结果公告项目编号：JLSZC20260020101中标单位：XX科技有限公司中标金额：6850000元项目概况：本项目完成体育场馆智能照明、空调自控、安防监控、票务管理、赛事直播及智慧运营系统建设。公示期：2026年02月13日至2026年02月16日，共3个工作日。公示期内如无异议，将按照规定程序发出中标通知书并签订合同。采购人：吉林省体育局，采购代理机构：吉林省公共资源交易中心
废标公告	吉林省应急管理厅应急物资管理平台	吉林省	2026-02-14	吉林省公共资源交易中心	http://www.ggzyzx.jl.gov.cn/info/2026/02/14/10088.html	[电子化]应急物资管理平台项目废标公告项目编号：JLSZC20260020201废标原因：本项目在开标时对投标人资格进行审查，有效投标供应商不足3家，不具备《中华人民共和国政府采购法》规定的开标条件。根据相关法律法规及招标文件约定，本项目作废标处理，将择期重新组织采购活动。已递交投标文件的供应商可自行撤回，相关费用按规定退还。采购人：吉林省应急管理厅
终止公告	吉林省民政厅殡葬设施智能化升级	吉林省	2026-02-15	吉林省公共资源交易中心	http://www.ggzyzx.jl.gov.cn/info/2026/02/15/10089.html	[电子化]殡葬设施智能化升级项目终止公告项目编号：JLSZC20260020301终止原因：因上级部门采购计划调整及财政预算重新核定，本项目采购任务取消，现终止全部采购活动。已报名及已下载采购文件的供应商无需继续准备响应文件，已缴纳的相关费用将全额原路退还。本项目不再组织开标、评标等后续工作，由此给各供应商带来的不便，敬请谅解。采购人：吉林省民政厅
采购结果变更公告	吉林省财政厅非税收入系统升级	吉林省	2026-02-16	吉林省公共资源交易中心	http://www.ggzyzx.jl.gov.cn/info/2026/02/16/10090.html	[电子化]非税收入系统升级项目采购结果变更公告项目编号：JLSZC20260020401原中标单位因自身资金及人员原因，自愿放弃本项目中标资格。根据招标文件及政府采购相关规定，顺延确定第二中标候选人为本项目新中标单位，中标金额及服务内容保持不变，其他事项均按照原公告执行。本公告发布后生效，采购人将与新中标单位签订政府采购合同。采购人：吉林省财政厅
合同公告	吉林省自然资源厅土地监测系统建设	吉林省	2026-02-17	吉林省公共资源交易中心	http://www.ggzyzx.jl.gov.cn/info/2026/02/17/10091.html	[电子化]土地监测系统建设项目合同公告项目编号：JLSZC20260020501采购人：吉林省自然资源厅中标供应商：XX信息技术有限公司合同金额：8850000元合同签订日期：2026年02月10日合同履行期限：自合同签订之日起6个月合同内容：本项目完成土地利用现状监测、违法用地预警、批后监管、数据汇总分析一体化平台建设及运维服务。现将合同内容予以公开公示。
合同变更公告	吉林省审计厅审计作业管理系统	吉林省	2026-02-18	吉林省公共资源交易中心	http://www.ggzyzx.jl.gov.cn/info/2026/02/18/10092.html	[电子化]审计作业管理系统项目合同变更公告项目编号：JLSZC20260020601变更原因：因采购人实际业务需求调整，增加现场作业终端设备及数据对接接口开发内容。变更内容：合同服务范围相应调整，合同金额小幅变更，合同履行期限相应顺延。原合同其他条款、服务标准、验收要求及付款方式均保持不变。本变更经双方协商一致，具有同等法律效力。采购人：吉林省审计厅，供应商：XX科技有限公司
履约验收公告	吉林省统计局民意调查大数据平台	吉林省	2026-02-19	吉林省公共资源交易中心	http://www.ggzyzx.jl.gov.cn/info/2026/02/19/10093.html	[电子化]民意调查大数据平台项目履约验收公告项目编号：JLSZC20260020701供应商名称：XX大数据科技有限公司验收日期：2026年02月18日验收内容：系统功能测试、数据准确性核验、安全性能检测、操作培训及文档交付。验收结果：项目所有建设内容均符合采购需求、招标文件要求及合同约定，验收合格，同意正式交付使用。采购人：吉林省统计局
其它公告	吉林省机关事务局节能监管平台	吉林省	2026-02-20	吉林省公共资源交易中心	http://www.ggzyzx.jl.gov.cn/info/2026/02/20/10094.html	[电子化]节能监管平台项目其它公告项目编号：JLSZC20260020801本公告为供应商入库及资格信息补充通知，凡参与本项目及后续公共机构节能采购项目的供应商，须完成吉林省公共资源交易供应商库入库登记，并补充完善营业执照、资质证书、业绩证明等材料。未按要求完成信息补充的供应商，将无法参与后续采购活动。补充登记时间：2026年02月20日至2026年02月27日。采购人：吉林省机关事务管理局
中标（成交）结果公告	吉林省广电局应急广播设备采购	吉林省	2026-02-21	吉林省公共资源交易中心	http://www.ggzyzx.jl.gov.cn/info/2026/02/21/10095.html	[电子化]应急广播设备采购项目成交公告项目编号：JLSZC20260020901采购方式：竞争性磋商成交单位：XX电子科技有限公司成交金额：7800000元项目概况：本项目完成应急广播调度、传输覆盖、终端接收、信号检测、应急发布设备的供货、安装及调试。本项目公示期为1个工作日，公示期满无异议后，正式确定成交结果。采购人：吉林省广播电视局，采购代理机构：吉林省公共资源交易中心
公开招标公告	吉林省宗教局宗教场所安全监管系统	吉林省	2026-02-22	吉林省公共资源交易中心	http://www.ggzyzx.jl.gov.cn/info/2026/02/22/10096.html	[电子化]宗教场所安全监管系统项目公开招标公告项目编号：JLSZC20260021001预算金额：3100000元采购方式：公开招标开标时间：2026年03月14日09:00项目概况：建设宗教活动场所安全监控、消防预警、人员管理、活动报备、应急处置一体化监管系统。本项目不接受联合体投标。招标文件获取时间：2026年02月22日至2026年03月01日。采购人：吉林省宗教事务局，采购代理机构：吉林省公共资源交易中心
采购意向公告	吉林省保密局网络安全监测平台	吉林省	2026-02-23	吉林省公共资源交易中心	http://www.ggzyzx.jl.gov.cn/info/2026/02/23/10097.html	[电子化]网络安全监测平台项目采购意向公开项目编号：JLSZC20260021101预算金额：9200000元预计采购时间：2026年3月项目概况：拟采购网络安全监测预警平台，包含网络攻击监测、数据泄露预警、安全态势感知、应急响应处置等功能。本次仅为采购意向公开，不构成采购邀请，具体采购事宜以正式发布的采购公告为准。采购人：吉林省国家保密局                            公开招标公告	吉林省教育厅全省教育专网升级改造项目公开招标公告	吉林省	2026-02-24	吉林省公共资源交易中心	http://www.ggzyzx.jl.gov.cn/info/2026/02/24/10118.html	[电子化]吉林省教育厅全省教育专网升级改造项目公开招标公告项目编号：JLSZC20260023101预算金额：14500000元采购方式：公开招标开标时间：2026年03月17日 09:00项目概况：本项目对全省教育专网进行升级改造，包括核心交换机、汇聚交换机、出口安全网关、日志审计、流量分析、链路负载均衡设备采购及部署，实现万兆骨干、千兆到楼的网络架构升级，提升网络安全性与稳定性。本项目不接受联合体投标。获取招标文件时间：2026年02月24日至2026年03月03日，投标人登录吉林省公共资源交易网免费下载电子版招标文件。采购人：吉林省教育厅 联系人：魏工 电话：0431-81867095 采购代理机构：吉林省公共资源交易中心 联系人：薛工 电话：0431-89867987
资格预审公告	吉林省交通运输厅高速公路智慧监控系统建设项目资格预审公告	吉林省	2026-02-25	吉林省公共资源交易中心	http://www.ggzyzx.jl.gov.cn/info/2026/02/25/10119.html	[电子化]吉林省交通运输厅高速公路智慧监控系统建设项目资格预审公告项目编号：JLSZC20260023201采购方式：公开招标资格审查方式：资格预审本项目采用资格预审确定合格投标人，只有通过资格预审的供应商方可参与后续投标。资格预审申请文件递交截止时间：2026年03月04日 16:00。资格要求：具有电子与智能化工程专业承包一级资质，近三年具有同类高速公路监控系统建设业绩。文件获取时间：2026年02月25日至2026年03月04日。采购人：吉林省交通运输厅 联系人：陶工 电话：0431-81867096
邀请招标公告	吉林省档案馆档案数字化加工及安全管理系统邀请招标公告	吉林省	2026-02-26	吉林省公共资源交易中心	http://www.ggzyzx.jl.gov.cn/info/2026/02/26/10120.html	[电子化]吉林省档案馆档案数字化加工及安全管理系统邀请招标公告项目编号：JLSZC20260023301采购方式：邀请招标本项目已依法向3家符合资质的供应商发出投标邀请，未受邀单位不得参与。投标文件递交截止及开标时间：2026年03月18日 09:00。项目内容：档案扫描、图像处理、数据著录、目录建库、数据备份、安全加密管理系统建设。文件获取时间：2026年02月26日至2026年03月05日。采购人：吉林省档案馆 联系人：姜工 电话：0431-81867097
竞争性谈判公告	吉林省应急管理厅应急指挥通信车采购项目竞争性谈判公告	吉林省	2026-02-27	吉林省公共资源交易中心	http://www.ggzyzx.jl.gov.cn/info/2026/02/27/10121.html	[电子化]吉林省应急管理厅应急指挥通信车采购项目竞争性谈判公告项目编号：JLSZC20260023401预算金额：8900000元采购方式：竞争性谈判响应文件递交截止时间：2026年03月11日 09:00项目概况：采购应急指挥通信车1辆，包含卫星通信、4G/5G图传、现场指挥调度、视频会议、发电照明等功能。供应商需具备特种车辆改装或销售相关资质，本项目不接受联合体。文件获取时间：2026年02月27日至2026年03月05日。采购人：吉林省应急管理厅 联系人：傅工 电话：0431-81867098
竞争性磋商公告	吉林省水利厅水库水雨情自动监测站升级改造竞争性磋商公告	吉林省	2026-02-28	吉林省公共资源交易中心	http://www.ggzyzx.jl.gov.cn/info/2026/02/28/10122.html	[电子化]吉林省水利厅水库水雨情自动监测站升级改造竞争性磋商公告项目编号：JLSZC20260023501预算金额：4600000元采购方式：竞争性磋商磋商时间：2026年03月19日 09:00项目概况：对全省32座中小型水库水雨情监测设备进行升级，更换雨量计、水位计、数据采集终端、通信模块，建设数据接收处理平台。评审方法：综合评分法。本项目不接受联合体。文件获取时间：2026年02月28日至2026年03月06日。采购人：吉林省水利厅 联系人：彭工 电话：0431-81867099
询价公告	吉林省市场监督管理局检验检测专用试剂耗材采购询价公告	吉林省	2026-03-01	吉林省公共资源交易中心	http://www.ggzyzx.jl.gov.cn/info/2026/03/01/10123.html	[电子化]吉林省市场监督管理局检验检测专用试剂耗材采购询价公告项目编号：JLSZC20260023601采购方式：询价报价截止时间：2026年03月11日 10:00项目概况：采购食品检测、药品检测、工业品检测所需标准品、试剂、色谱柱、滤膜等耗材，为标准定型产品，采用最低价成交原则。供应商需具备医疗器械或化学试剂经营资质。文件获取时间：2026年03月01日至2026年03月07日。采购人：吉林省市场监督管理厅 联系人：鲁工 电话：0431-81867100
采购意向公告	吉林省住建厅城市地下管网综合监测系统采购意向公开	吉林省	2026-03-02	吉林省公共资源交易中心	http://www.ggzyzx.jl.gov.cn/info/2026/03/02/10124.html	[电子化]吉林省住建厅城市地下管网综合监测系统采购意向公开项目编号：JLSZC20260023701预算金额：12800000元预计采购时间：2026年4月项目概况：建设城市供水、排水、燃气、热力地下管网综合监测预警平台，包含监测终端、数据传输、平台软件、GIS地图展示、泄漏预警、爆管分析等功能。本次仅为意向公示，具体以正式公告为准。采购人：吉林省住房和城乡建设厅
采购文件需求公告	吉林省公安厅执法记录仪数据管理平台采购需求公示	吉林省	2026-03-03	吉林省公共资源交易中心	http://www.ggzyzx.jl.gov.cn/info/2026/03/03/10125.html	[电子化]吉林省公安厅执法记录仪数据管理平台采购需求公示项目编号：JLSZC20260023801预算金额：7300000元公示期限：2026年03月03日至2026年03月10日项目概况：建设全省执法记录仪数据集中管理平台，实现数据自动上传、存储、检索、点播、归档、证据固化、权限管理功能。现公开征求供应商意见，逾期不予受理。采购人：吉林省公安厅 联系人：齐工 电话：0431-81867101
更正公告	吉林省医保局医保经办服务窗口智能化设备更正公告	吉林省	2026-03-04	吉林省公共资源交易中心	http://www.ggzyzx.jl.gov.cn/info/2026/03/04/10126.html	[电子化]吉林省医保局医保经办服务窗口智能化设备更正公告项目编号：JLSZC20260023901原公告开标时间：2026年03月20日 09:00，现更正为2026年03月25日 09:00；原招标文件获取截止时间顺延至2026年03月12日。项目采购内容、技术参数、资格条件均不变更。请各供应商自行下载最新文件。采购人：吉林省医疗保障局 联系人：翟工 电话：0431-81867102
中标（成交）结果公告	吉林省残联残疾人康复服务设备采购中标结果公告	吉林省	2026-03-05	吉林省公共资源交易中心	http://www.ggzyzx.jl.gov.cn/info/2026/03/05/10127.html	[电子化]吉林省残联残疾人康复服务设备采购中标结果公告项目编号：JLSZC20260024001中标单位：吉林省康复医疗设备有限公司中标金额：5280000元项目概况：供应肢体康复、听力康复、言语康复、儿童康复训练设备一批。公示期：2026年03月05日至2026年03月07日。公示无异议后签订合同。采购人：吉林省残疾人联合会 联系人：任工 电话：0431-81867103
废标公告	吉林省粮食和物资储备局智能仓储系统建设项目废标公告	吉林省	2026-03-06	吉林省公共资源交易中心	http://www.ggzyzx.jl.gov.cn/info/2026/03/06/10128.html	[电子化]吉林省粮食和物资储备局智能仓储系统建设项目废标公告项目编号：JLSZC20260024101废标原因：递交投标文件的有效供应商不足3家，不满足法定开标条件，依据政府采购法第三十六条规定，本项目作废标处理，将重新组织采购。采购人：吉林省粮食和物资储备局 联系人：薛工 电话：0431-81867104
终止公告	吉林省文旅厅乡村文化舞台设备采购项目终止公告	吉林省	2026-03-07	吉林省公共资源交易中心	http://www.ggzyzx.jl.gov.cn/info/2026/03/07/10129.html	[电子化]吉林省文旅厅乡村文化舞台设备采购项目终止公告项目编号：JLSZC20260024201终止原因：因年度资金统筹调整，本项目采购计划取消，现终止全部采购活动。已下载文件的供应商无需递交响应文件，费用全额退还。由此带来不便敬请谅解。采购人：吉林省文化和旅游厅 联系人：魏工 电话：0431-81867105
采购结果变更公告	吉林省林业厅森林防火通信系统项目结果变更公告	吉林省	2026-03-08	吉林省公共资源交易中心	http://www.ggzyzx.jl.gov.cn/info/2026/03/08/10130.html	[电子化]吉林省林业厅森林防火通信系统项目结果变更公告项目编号：JLSZC20260024301原中标单位无法履行合同，自愿放弃中标资格。根据规定，顺延第二中标候选人吉林省通信建设有限公司为中标单位，中标金额不变，合同条款不变。采购人：吉林省林业和草原局 联系人：陶工 电话：0431-81867106
合同公告	吉林省政务服务和数字化局政务云扩容服务项目合同公告	吉林省	2026-03-09	吉林省公共资源交易中心	http://www.ggzyzx.jl.gov.cn/info/2026/03/09/10131.html	[电子化]吉林省政务服务和数字化局政务云扩容服务项目合同公告项目编号：JLSZC20260024401合同金额：18600000元供应商：吉林省云计算科技有限公司合同签订日期：2026年03月01日服务期限：1年合同内容：云主机、云存储、云安全、负载均衡、数据库服务扩容，满足全省政务系统运行需求。采购人：吉林省政务服务和数字化建设管理局
合同变更公告	吉林省自然资源厅卫星遥感监测服务合同变更公告	吉林省	2026-03-10	吉林省公共资源交易中心	http://www.ggzyzx.jl.gov.cn/info/2026/03/10/10132.html	[电子化]吉林省自然资源厅卫星遥感监测服务合同变更公告项目编号：JLSZC20260024501变更内容：增加季度卫星影像解析、土地变化图斑比对服务，合同金额由920万元调整为945万元，服务期延长1个月。其他条款不变，双方签字盖章生效。采购人：吉林省自然资源厅 供应商：吉林省空间信息技术有限公司
履约验收公告	吉林省民政厅养老服务信息管理平台履约验收公告	吉林省	2026-03-11	吉林省公共资源交易中心	http://www.ggzyzx.jl.gov.cn/info/2026/03/11/10133.html	[电子化]吉林省民政厅养老服务信息管理平台履约验收公告项目编号：JLSZC20260024601供应商：吉林省智慧养老科技有限公司验收日期：2026年03月10日验收结果：系统功能、数据对接、安全性能、操作培训全部达标，符合采购及合同要求，验收合格，同意交付使用。采购人：吉林省民政厅 联系人：姜工 电话：0431-81867107
其它公告	吉林省财政厅政府采购供应商信用信息征集公告	吉林省	2026-03-12	吉林省公共资源交易中心	http://www.ggzyzx.jl.gov.cn/info/2026/03/12/10134.html	[电子化]吉林省财政厅政府采购供应商信用信息征集公告为完善政府采购信用体系，现面向全省征集政府采购供应商信用信息，包括基本信息、财务状况、信用记录、履约情况等。征集时间：2026年03月12日至2026年03月19日。入库供应商将在政府采购活动中优先推荐。采购人：吉林省财政厅政府采购管理处
中标（成交）结果公告	吉林省城管厅城市垃圾分类监管设备成交公告	吉林省	2026-03-13	吉林省公共资源交易中心	http://www.ggzyzx.jl.gov.cn/info/2026/03/13/10135.html	[电子化]吉林省城管厅城市垃圾分类监管设备成交公告项目编号：JLSZC20260024701采购方式：竞争性磋商成交单位：吉林省环境科技工程有限公司成交金额：6450000元项目内容：垃圾分类智能称重、视频监控、投放引导、数据上传设备一批。公示1个工作日无异议后生效。采购人：吉林省城市管理厅
公开招标公告	吉林省统计局经济普查数据采集终端公开招标公告	吉林省	2026-03-14	吉林省公共资源交易中心	http://www.ggzyzx.jl.gov.cn/info/2026/03/14/10136.html	[电子化]吉林省统计局经济普查数据采集终端公开招标公告项目编号：JLSZC20260024801预算金额：8900000元开标时间：2026年04月07日 09:00项目概况：采购经济普查专用平板终端、蓝牙打印机、数据加密模块共2800台套。不接受联合体投标。文件获取时间：2026年03月14日至2026年03月21日。采购人：吉林省统计局 联系人：傅工 电话：0431-81867108
采购意向公告	吉林省退役军人事务厅优抚医院医疗设备采购意向公开	吉林省	2026-03-15	吉林省公共资源交易中心	http://www.ggzyzx.jl.gov.cn/info/2026/03/15/10137.html	[电子化]吉林省退役军人事务厅优抚医院医疗设备采购意向公开项目编号：JLSZC20260024901预算金额：13600000元预计采购时间：2026年4月项目概况：采购DR、彩超、心电图机、生化分析仪、康复理疗设备等医疗设备。本公告为意向公示，具体采购信息以正式公告为准。采购人：吉林省退役军人事务厅                                        公开招标公告	吉林省卫生健康委员会基层医疗机构诊疗设备升级项目公开招标公告	吉林省	2026-03-16	吉林省公共资源交易中心	http://www.ggzyzx.jl.gov.cn/info/2026/03/16/10138.html	[电子化]吉林省卫生健康委员会基层医疗机构诊疗设备升级项目公开招标公告项目编号：JLSZC20260025001预算金额：16800000元采购方式：公开招标开标时间：2026年04月08日 09:00项目概况：为全省86家乡镇卫生院采购全自动生化分析仪、血球分析仪、心电图机、B超机、急救呼吸机等诊疗设备，包含供货、安装、培训及质保服务。本项目不接受联合体投标。获取招标文件时间：2026年03月16日至2026年03月23日，投标人登录吉林省公共资源交易网免费下载电子版招标文件。采购人：吉林省卫生健康委员会 联系人：姜工 电话：0431-81867109 采购代理机构：吉林省公共资源交易中心 联系人：薛工 电话：0431-89867988
资格预审公告	吉林省公安厅交通警察支队智慧交通管控平台建设项目资格预审公告	吉林省	2026-03-17	吉林省公共资源交易中心	http://www.ggzyzx.jl.gov.cn/info/2026/03/17/10139.html	[电子化]吉林省公安厅交通警察支队智慧交通管控平台建设项目资格预审公告项目编号：JLSZC20260025101采购方式：公开招标资格审查方式：资格预审本项目采用资格预审方式筛选合格投标人，需具备电子与智能化工程专业承包一级资质及近三年同类智慧交通项目业绩。资格预审申请文件递交截止时间：2026年03月26日 16:00。文件获取时间：2026年03月17日至2026年03月24日。采购人：吉林省公安厅交通警察支队 联系人：傅工 电话：0431-81867110
邀请招标公告	吉林省高级人民法院数字法庭改造升级项目邀请招标公告	吉林省	2026-03-18	吉林省公共资源交易中心	http://www.ggzyzx.jl.gov.cn/info/2026/03/18/10140.html	[电子化]吉林省高级人民法院数字法庭改造升级项目邀请招标公告项目编号：JLSZC20260025201采购方式：邀请招标本项目已向3家具备涉密信息系统集成资质的合格供应商发出投标邀请，未受邀单位不得参与。投标文件递交截止及开标时间：2026年04月10日 09:00。项目内容：法庭语音识别、证据展示、同步录音录像、庭审直播系统升级。文件获取时间：2026年03月18日至2026年03月25日。采购人：吉林省高级人民法院 联系人：彭工 电话：0431-81867111
竞争性谈判公告	吉林省体育局全民健身路径器材采购项目竞争性谈判公告	吉林省	2026-03-19	吉林省公共资源交易中心	http://www.ggzyzx.jl.gov.cn/info/2026/03/19/10141.html	[电子化]吉林省体育局全民健身路径器材采购项目竞争性谈判公告项目编号：JLSZC20260025301预算金额：5600000元采购方式：竞争性谈判响应文件递交截止时间：2026年04月02日 09:00项目概况：采购社区健身路径、室外乒乓球台、篮球架、健身步道器材等。供应商需具备体育用品生产或销售资质，本项目接受联合体投标。文件获取时间：2026年03月19日至2026年03月26日。采购人：吉林省体育局 联系人：鲁工 电话：0431-81867112
竞争性磋商公告	吉林省生态环境厅大气网格化监测站点建设项目竞争性磋商公告	吉林省	2026-03-20	吉林省公共资源交易中心	http://www.ggzyzx.jl.gov.cn/info/2026/03/20/10142.html	[电子化]吉林省生态环境厅大气网格化监测站点建设项目竞争性磋商公告项目编号：JLSZC20260025401预算金额：7200000元采购方式：竞争性磋商磋商时间：2026年04月11日 09:00项目概况：建设60个微型空气监测站，实时监测PM2.5、PM10、SO2、NO2、O3、VOCs等指标，配套建设数据云平台。评审方法：综合评分法。本项目不接受联合体。文件获取时间：2026年03月20日至2026年03月27日。采购人：吉林省生态环境厅 联系人：齐工 电话：0431-81867113
询价公告	吉林省机关事务管理局办公自动化设备及耗材集中采购询价公告	吉林省	2026-03-21	吉林省公共资源交易中心	http://www.ggzyzx.jl.gov.cn/info/2026/03/21/10143.html	[电子化]吉林省机关事务管理局办公自动化设备及耗材集中采购询价公告项目编号：JLSZC20260025501采购方式：询价报价截止时间：2026年04月03日 10:00项目概况：批量采购台式电脑、笔记本、打印机、复印机、硒鼓、墨盒等标准办公产品，符合政府采购节能清单要求，采用最低价成交。文件获取时间：2026年03月21日至2026年03月28日。采购人：吉林省机关事务管理局 联系人：翟工 电话：0431-81867114
采购意向公告	吉林省水利厅农村供水安全保障工程设备采购意向公开	吉林省	2026-03-22	吉林省公共资源交易中心	http://www.ggzyzx.jl.gov.cn/info/2026/03/22/10144.html	[电子化]吉林省水利厅农村供水安全保障工程设备采购意向公开项目编号：JLSZC20260025601预算金额：21500000元预计采购时间：2026年5月项目概况：采购农村安全饮用水净化设备、消毒设备、变频供水设备、管网监测仪表等。本次仅为采购意向公示，具体采购内容及时间以正式公告为准。采购人：吉林省水利厅
采购文件需求公告	吉林省农业农村厅智慧农机监测终端采购需求公示	吉林省	2026-03-23	吉林省公共资源交易中心	http://www.ggzyzx.jl.gov.cn/info/2026/03/23/10145.html	[电子化]吉林省农业农村厅智慧农机监测终端采购需求公示项目编号：JLSZC20260025701预算金额：9800000元公示期限：2026年03月23日至2026年03月30日项目概况：采购北斗定位农机作业监测终端，支持深松、旋耕、播种、收割作业数据采集。现面向社会公开征求技术参数意见，逾期不予受理。采购人：吉林省农业农村厅 联系人：任工 电话：0431-81867115
更正公告	吉林省教育考试院中考标准化考场设备采购项目更正公告	吉林省	2026-03-24	吉林省公共资源交易中心	http://www.ggzyzx.jl.gov.cn/info/2026/03/24/10146.html	[电子化]吉林省教育考试院中考标准化考场设备采购项目更正公告项目编号：JLSZC20260025801原公告投标截止时间：2026年04月12日 09:00，现更正为2026年04月15日 09:00。招标文件获取时间顺延至2026年04月02日。采购内容及资格要求不变。采购人：吉林省教育考试院 联系人：薛工 电话：0431-81867116
中标（成交）结果公告	吉林省交通运输厅农村公路安防工程施工中标结果公告	吉林省	2026-03-25	吉林省公共资源交易中心	http://www.ggzyzx.jl.gov.cn/info/2026/03/25/10147.html	[电子化]吉林省交通运输厅农村公路安防工程施工中标结果公告项目编号：JLSZC20260025901中标单位：吉林省交通建设集团有限公司中标金额：26800000元项目概况：实施320公里农村公路安全防护工程，含护栏、警示标志、减速带、反光标识安装。公示期：2026年03月25日至2026年03月27日。采购人：吉林省交通运输厅 联系人：魏工 电话：0431-81867117
废标公告	吉林省自然资源厅国土空间规划编制服务项目废标公告	吉林省	2026-03-26	吉林省公共资源交易中心	http://www.ggzyzx.jl.gov.cn/info/2026/03/26/10148.html	[电子化]吉林省自然资源厅国土空间规划编制服务项目废标公告项目编号：JLSZC20260026001废标原因：经资格审查，有效投标人未达到法定3家数量，不具备开标条件，本项目作废标处理，将重新组织采购。采购人：吉林省自然资源厅 联系人：陶工 电话：0431-81867118
终止公告	吉林省商务厅电商进农村示范项目设备采购终止公告	吉林省	2026-03-27	吉林省公共资源交易中心	http://www.ggzyzx.jl.gov.cn/info/2026/03/27/10149.html	[电子化]吉林省商务厅电商进农村示范项目设备采购终止公告项目编号：JLSZC20260026101终止原因：因国家示范项目政策调整，资金计划变更，本项目终止采购，不再执行。已报名供应商无需递交文件，费用全额退还。采购人：吉林省商务厅 联系人：姜工 电话：0431-81867119
采购结果变更公告	吉林省审计厅大数据审计分析平台项目结果变更公告	吉林省	2026-03-28	吉林省公共资源交易中心	http://www.ggzyzx.jl.gov.cn/info/2026/03/28/10150.html	[电子化]吉林省审计厅大数据审计分析平台项目结果变更公告项目编号：JLSZC20260026201原中标供应商因技术方案不满足要求被取消资格，根据评审排序，顺延确定第二中标候选人吉林省大数据有限公司为中标单位，金额及服务期不变。采购人：吉林省审计厅 联系人：傅工 电话：0431-81867120
合同公告	吉林省民政厅城乡社区治理信息化平台项目合同公告	吉林省	2026-03-29	吉林省公共资源交易中心	http://www.ggzyzx.jl.gov.cn/info/2026/03/29/10151.html	[电子化]吉林省民政厅城乡社区治理信息化平台项目合同公告项目编号：JLSZC20260026301合同金额：11200000元供应商：吉林省智慧社区科技有限公司合同签订日期：2026年03月20日服务期限：8个月合同内容：建设社区管理、便民服务、网格治理、数据汇总一体化平台。采购人：吉林省民政厅
合同变更公告	吉林省财政厅预算管理一体化系统运维服务合同变更公告	吉林省	2026-03-30	吉林省公共资源交易中心	http://www.ggzyzx.jl.gov.cn/info/2026/03/30/10152.html	[电子化]吉林省财政厅预算管理一体化系统运维服务合同变更公告项目编号：JLSZC20260026401变更内容：增加市县系统对接专项运维服务，合同金额由380万元调整为410万元，服务期延长3个月。其余条款不变。采购人：吉林省财政厅 供应商：吉林省财税信息科技有限公司
履约验收公告	吉林省退役军人事务厅退役军人服务中心装修工程履约验收公告	吉林省	2026-03-31	吉林省公共资源交易中心	http://www.ggzyzx.jl.gov.cn/info/2026/03/31/10153.html	[电子化]吉林省退役军人事务厅退役军人服务中心装修工程履约验收公告项目编号：JLSZC20260026501供应商：吉林省建筑装饰工程有限公司验收日期：2026年03月29日验收结果：工程质量合格，符合设计及采购要求，通过竣工验收，准予交付使用。采购人：吉林省退役军人事务厅 联系人：彭工 电话：0431-81867121
其它公告	吉林省政务服务和数字化建设管理局电子证照系统对接通知公告	吉林省	2026-04-01	吉林省公共资源交易中心	http://www.ggzyzx.jl.gov.cn/info/2026/04/01/10154.html	[电子化]吉林省政务服务和数字化建设管理局电子证照系统对接通知公告为推进一网通办，要求省直各部门于2026年4月30日前完成自有业务系统与省电子证照库对接。未按期完成的将予以通报。技术支持联系电话：0431-89867989。采购人：吉林省政务服务和数字化建设管理局
中标（成交）结果公告	吉林省文化和旅游厅景区智慧票务系统采购成交公告	吉林省	2026-04-02	吉林省公共资源交易中心	http://www.ggzyzx.jl.gov.cn/info/2026/04/02/10155.html	[电子化]吉林省文化和旅游厅景区智慧票务系统采购成交公告项目编号：JLSZC20260026601采购方式：竞争性磋商成交单位：吉林省文旅科技有限公司成交金额：5850000元项目内容：景区门票预约、人脸核验、分时入园、数据分析系统建设。公示1个工作日。采购人：吉林省文化和旅游厅 联系人：鲁工 电话：0431-81867122
公开招标公告	吉林省应急管理厅自然灾害监测预警系统公开招标公告	吉林省	2026-04-03	吉林省公共资源交易中心	http://www.ggzyzx.jl.gov.cn/info/2026/04/03/10156.html	[电子化]吉林省应急管理厅自然灾害监测预警系统公开招标公告项目编号：JLSZC20260026701预算金额：19600000元开标时间：2026年04月25日 09:00项目概况：建设气象、地质、水文、森林火灾多灾种监测预警平台。不接受联合体投标。文件获取时间：2026年04月03日至2026年04月10日。采购人：吉林省应急管理厅 联系人：齐工 电话：0431-81867123
采购意向公告	吉林省医疗保障局DRG付费改革信息系统采购意向公开	吉林省	2026-04-04	吉林省公共资源交易中心	http://www.ggzyzx.jl.gov.cn/info/2026/04/04/10157.html	[电子化]吉林省医疗保障局DRG付费改革信息系统采购意向公开项目编号：JLSZC20260026801预算金额：23800000元预计采购时间：2026年5月项目概况：建设医保DRG分组、成本核算、结算支付、监管审核一体化系统。本公告仅为意向预告，具体以正式采购文件为准。采购人：吉林省医疗保障局                                         公开招标公告	吉林省水利厅流域水环境综合治理监测设备采购项目公开招标公告	吉林省	2026-04-05	吉林省公共资源交易中心	http://www.ggzyzx.jl.gov.cn/info/2026/04/05/10158.html	[电子化]吉林省水利厅流域水环境综合治理监测设备采购项目公开招标公告项目编号：JLSZC20260026901预算金额：17200000元采购方式：公开招标开标时间：2026年04月28日 09:00项目概况：采购多参数水质监测仪、流量计、在线监测站、数据传输终端、远程控制模块等设备，用于松花江、辽河流域水环境实时监测，含安装调试、运维服务。本项目不接受联合体投标。获取招标文件时间：2026年04月05日至2026年04月12日，登录吉林省公共资源交易网免费下载。采购人：吉林省水利厅 联系人：孔工 电话：0431-81867124 采购代理机构：吉林省公共资源交易中心 联系人：薛工 电话：0431-89867990
资格预审公告	吉林省住建厅城市生命线安全工程监测系统建设项目资格预审公告	吉林省	2026-04-06	吉林省公共资源交易中心	http://www.ggzyzx.jl.gov.cn/info/2026/04/06/10159.html	[电子化]吉林省住建厅城市生命线安全工程监测系统建设项目资格预审公告项目编号：JLSZC20260027001采购方式：公开招标资格审查方式：资格预审本项目需具备市政公用工程施工总承包一级及电子与智能化资质，近三年同类城市生命线项目业绩。资格预审申请文件递交截止时间：2026年04月15日 16:00。文件获取时间：2026年04月06日至2026年04月13日。采购人：吉林省住房和城乡建设厅 联系人：崔工 电话：0431-81867125
邀请招标公告	吉林省保密局涉密信息系统等级保护建设项目邀请招标公告	吉林省	2026-04-07	吉林省公共资源交易中心	http://www.ggzyzx.jl.gov.cn/info/2026/04/07/10160.html	[电子化]吉林省保密局涉密信息系统等级保护建设项目邀请招标公告项目编号：JLSZC20260027101采购方式：邀请招标本项目已向3家具备涉密信息系统集成甲级资质的单位发出邀请，未受邀单位不得参与。投标截止及开标时间：2026年04月29日 09:00。建设内容：防火墙、入侵检测、安全审计、数据加密、终端管控系统。文件获取时间：2026年04月07日至2026年04月14日。采购人：吉林省国家保密局 联系人：苗工 电话：0431-81867126
竞争性谈判公告	吉林省民政厅殡葬服务设施设备更新项目竞争性谈判公告	吉林省	2026-04-08	吉林省公共资源交易中心	http://www.ggzyzx.jl.gov.cn/info/2026/04/08/10161.html	[电子化]吉林省民政厅殡葬服务设施设备更新项目竞争性谈判公告项目编号：JLSZC20260027201预算金额：6300000元采购方式：竞争性谈判响应文件递交截止时间：2026年04月22日 09:00项目概况：采购遗体冷藏柜、火化机尾气处理设备、智能追踪系统、祭祀环保设备等，供应商需具备相关生产或销售资质，接受联合体投标。文件获取时间：2026年04月08日至2026年04月15日。采购人：吉林省民政厅 联系人：任工 电话：0431-81867127
竞争性磋商公告	吉林省农业农村厅农产品质量安全追溯平台升级项目竞争性磋商公告	吉林省	2026-04-09	吉林省公共资源交易中心	http://www.ggzyzx.jl.gov.cn/info/2026/04/09/10162.html	[电子化]吉林省农业农村厅农产品质量安全追溯平台升级项目竞争性磋商公告项目编号：JLSZC20260027301预算金额：8400000元采购方式：竞争性磋商磋商时间：2026年05月06日 09:00项目概况：升级追溯平台，增加种植养殖监管、检测数据对接、合格证出具、溯源查询、移动端管理功能。评审方法：综合评分法，不接受联合体。文件获取时间：2026年04月09日至2026年04月16日。采购人：吉林省农业农村厅 联系人：魏工 电话：0431-81867128
询价公告	吉林省机关事务局公务用车定点维修保养服务采购询价公告	吉林省	2026-04-10	吉林省公共资源交易中心	http://www.ggzyzx.jl.gov.cn/info/2026/04/10/10163.html	[电子化]吉林省机关事务局公务用车定点维修保养服务采购询价公告项目编号：JLSZC20260027401采购方式：询价报价截止时间：2026年04月23日 10:00项目概况：选定省直机关公务用车定点维修单位，包含保养、维修、救援、配件供应服务，符合政府采购定点服务要求，最低价中标。文件获取时间：2026年04月10日至2026年04月17日。采购人：吉林省机关事务管理局 联系人：陶工 电话：0431-81867129
采购意向公告	吉林省公安厅警用装备智能化管理系统采购意向公开	吉林省	2026-04-11	吉林省公共资源交易中心	http://www.ggzyzx.jl.gov.cn/info/2026/04/11/10164.html	[电子化]吉林省公安厅警用装备智能化管理系统采购意向公开项目编号：JLSZC20260027501预算金额：12600000元预计采购时间：2026年6月项目概况：建设装备仓储、智能货架、RFID识别、出入库管理、盘点预警、寿命监控一体化系统。本公告仅为意向公示，具体以正式公告为准。采购人：吉林省公安厅
采购文件需求公告	吉林省文旅厅非遗数字化保护采集设备采购需求公示	吉林省	2026-04-12	吉林省公共资源交易中心	http://www.ggzyzx.jl.gov.cn/info/2026/04/12/10165.html	[电子化]吉林省文旅厅非遗数字化保护采集设备采购需求公示项目编号：JLSZC20260027601预算金额：5700000元公示期限：2026年04月12日至2026年04月19日项目概况：采购4K/8K摄像机、专业录音设备、三维扫描设备、图像工作站，用于非遗项目数字化采集存档。公开征求供应商意见，逾期不予受理。采购人：吉林省文化和旅游厅 联系人：姜工 电话：0431-81867130
更正公告	吉林省医保局异地就医直接结算系统升级项目更正公告	吉林省	2026-04-13	吉林省公共资源交易中心	http://www.ggzyzx.jl.gov.cn/info/2026/04/13/10166.html	[电子化]吉林省医保局异地就医直接结算系统升级项目更正公告项目编号：JLSZC20260027701原开标时间2026年05月07日更正为2026年05月09日，招标文件获取截止时间顺延至2026年04月23日。采购内容、技术参数、资格条件均不变更。采购人：吉林省医疗保障局 联系人：傅工 电话：0431-81867131
中标（成交）结果公告	吉林省交通运输厅交通大数据分析平台建设中标结果公告	吉林省	2026-04-14	吉林省公共资源交易中心	http://www.ggzyzx.jl.gov.cn/info/2026/04/14/10167.html	[电子化]吉林省交通运输厅交通大数据分析平台建设中标结果公告项目编号：JLSZC20260027801中标单位：吉林省交通信息科技有限公司中标金额：15900000元项目概况：建设路网监测、流量分析、拥堵预警、应急指挥、出行服务一体化大数据平台。公示期：2026年04月14日至2026年04月16日。采购人：吉林省交通运输厅 联系人：彭工 电话：0431-81867132
废标公告	吉林省自然资源厅地质灾害监测设备采购项目废标公告	吉林省	2026-04-15	吉林省公共资源交易中心	http://www.ggzyzx.jl.gov.cn/info/2026/04/15/10168.html	[电子化]吉林省自然资源厅地质灾害监测设备采购项目废标公告项目编号：JLSZC20260027901废标原因：有效投标供应商不足3家，不符合法定开标条件，本项目作废标处理，将重新组织采购。采购人：吉林省自然资源厅 联系人：鲁工 电话：0431-81867133
终止公告	吉林省教育厅高校实验室安全设备采购项目终止公告	吉林省	2026-04-16	吉林省公共资源交易中心	http://www.ggzyzx.jl.gov.cn/info/2026/04/16/10169.html	[电子化]吉林省教育厅高校实验室安全设备采购项目终止公告项目编号：JLSZC20260028001终止原因：因财政资金统筹调整，本项目采购计划取消，终止全部采购活动，已报名供应商费用全额退还。采购人：吉林省教育厅 联系人：齐工 电话：0431-81867134
采购结果变更公告	吉林省应急管理厅应急物资储备库信息化项目结果变更公告	吉林省	2026-04-17	吉林省公共资源交易中心	http://www.ggzyzx.jl.gov.cn/info/2026/04/17/10170.html	[电子化]吉林省应急管理厅应急物资储备库信息化项目结果变更公告项目编号：JLSZC20260028101原中标单位放弃中标资格，顺延第二中标候选人吉林省智慧仓储科技有限公司为中标单位，中标金额及服务内容不变。采购人：吉林省应急管理厅 联系人：翟工 电话：0431-81867135
合同公告	吉林省政务服务局一网通办能力提升项目合同公告	吉林省	2026-04-18	吉林省公共资源交易中心	http://www.ggzyzx.jl.gov.cn/info/2026/04/18/10171.html	[电子化]吉林省政务服务局一网通办能力提升项目合同公告项目编号：JLSZC20260028201合同金额：21800000元供应商：吉林省数字政务有限公司合同签订日期：2026年04月10日服务期限：10个月合同内容：系统整合、接口打通、事项优化、电子证照、免证办事功能建设。采购人：吉林省政务服务和数字化建设管理局
合同变更公告	吉林省林业厅草原生态监测服务合同变更公告	吉林省	2026-04-19	吉林省公共资源交易中心	http://www.ggzyzx.jl.gov.cn/info/2026/04/19/10172.html	[电子化]吉林省林业厅草原生态监测服务合同变更公告项目编号：JLSZC20260028301变更内容：增加无人机航测、植被覆盖度解译服务内容，合同金额由760万元调整为785万元，服务期延长20天。其他条款不变。采购人：吉林省林业和草原局 供应商：吉林省生态监测科技有限公司
履约验收公告	吉林省统计局人口抽样调查数据采集系统履约验收公告	吉林省	2026-04-20	吉林省公共资源交易中心	http://www.ggzyzx.jl.gov.cn/info/2026/04/20/10173.html	[电子化]吉林省统计局人口抽样调查数据采集系统履约验收公告项目编号：JLSZC20260028401供应商：吉林省统计信息科技有限公司验收日期：2026年04月19日验收结果：系统功能、数据安全、操作培训、技术文档全部达标，验收合格，正式交付使用。采购人：吉林省统计局 联系人：孔工 电话：0431-81867136
其它公告	吉林省财政厅政府采购质疑投诉流程指引公告	吉林省	2026-04-21	吉林省公共资源交易中心	http://www.ggzyzx.jl.gov.cn/info/2026/04/21/10174.html	[电子化]吉林省财政厅政府采购质疑投诉流程指引公告为规范政府采购质疑投诉工作，现发布统一流程、材料清单、办理时限、受理渠道。供应商可登录吉林省政府采购网查阅，咨询电话：0431-89867991。采购人：吉林省财政厅政府采购管理处
中标（成交）结果公告	吉林省卫健委基层公卫服务信息化设备成交公告	吉林省	2026-04-22	吉林省公共资源交易中心	http://www.ggzyzx.jl.gov.cn/info/2026/04/22/10175.html	[电子化]吉林省卫健委基层公卫服务信息化设备成交公告项目编号：JLSZC20260028501采购方式：竞争性磋商成交单位：吉林省公卫医疗科技有限公司成交金额：9300000元项目内容：健康一体机、随访终端、家庭医生工作站设备供货安装。公示1个工作日。采购人：吉林省卫生健康委员会 联系人：崔工 电话：0431-81867137
公开招标公告	吉林省城管厅市容环境智慧监管平台公开招标公告	吉林省	2026-04-23	吉林省公共资源交易中心	http://www.ggzyzx.jl.gov.cn/info/2026/04/23/10176.html	[电子化]吉林省城管厅市容环境智慧监管平台公开招标公告项目编号：JLSZC20260028601预算金额：14800000元开标时间：2026年05月16日 09:00项目概况：建设视频智能分析、环卫车辆监控、垃圾处理监管、违建巡查、市容考核一体化平台。不接受联合体投标。文件获取时间：2026年04月23日至2026年04月30日。采购人：吉林省城市管理厅 联系人：苗工 电话：0431-81867138
采购意向公告	吉林省退役军人厅就业创业服务平台采购意向公开	吉林省	2026-04-24	吉林省公共资源交易中心	http://www.ggzyzx.jl.gov.cn/info/2026/04/24/10177.html	[电子化]吉林省退役军人厅就业创业服务平台采购意向公开项目编号：JLSZC20260028701预算金额：10600000元预计采购时间：2026年6月项目概况：建设岗位发布、技能培训、政策补贴、创业扶持、就业跟踪一体化服务平台。本公告仅为意向公示，不构成采购邀约。采购人：吉林省退役军人事务厅